﻿<?xml version="1.0" encoding="utf-8"?>
<publishData>
  <publishProfile publishUrl="E:\MyProject\系统发布\CdnWebClient" deleteExistingFiles="True" ftpAnonymousLogin="False" ftpPassiveMode="True" msdeploySite="" msdeploySiteID="" msdeployRemoteSitePhysicalPath="" msdeployAllowUntrustedCertificate="False" msdeploySkipExtraFilesOnServer="True" msdeployMarkAsApp="False" profileName="config" publishMethod="FileSystem" replaceMatchingFiles="False" userName="" savePWD="False" userPWD="" SelectedForPublish="True">
    <file relUrl="Scripts/MicrosoftAjax.js" publishTime="03/20/2012 17:04:03" />
    <file relUrl="Content/vectormap/china-en.js" publishTime="06/28/2012 16:26:04" />
    <file relUrl="Content/images/accordion_collapse.png" publishTime="03/20/2012 17:04:04" />
    <file relUrl="Content/repeat_manage.js" publishTime="03/20/2012 17:04:04" />
    <file relUrl="Content/jquery.js" publishTime="03/20/2012 17:04:04" />
    <file relUrl="Content/images/tabs_leftarrow.png" publishTime="03/20/2012 17:04:05" />
    <file relUrl="Content/themes/base/images/ui-icons_cd0a0a_256x240.png" publishTime="03/20/2012 17:04:04" />
    <file relUrl="Content/images/lay_top.gif" publishTime="03/20/2012 17:04:04" />
    <file relUrl="Content/themes/dark-green.js" publishTime="03/20/2012 17:04:04" />
    <file relUrl="Views/CdnWeb/main.cshtml" publishTime="01/15/2013 14:30:30" />
    <file relUrl="Content/images/panel_loading.gif" publishTime="03/20/2012 17:04:04" />
    <file relUrl="Content/vectormap/world-en.js" publishTime="06/28/2012 16:26:04" />
    <file relUrl="Scripts/My97DatePicker/WdatePicker.js" publishTime="03/20/2012 17:04:03" />
    <file relUrl="Content/images/combo_arrow.gif" publishTime="03/20/2012 17:04:04" />
    <file relUrl="Content/images/pagination_first.gif" publishTime="03/20/2012 17:04:04" />
    <file relUrl="Content/images/menu.gif" publishTime="03/20/2012 17:04:04" />
    <file relUrl="Content/images/index_new_13.jpg" publishTime="03/20/2012 17:04:04" />
    <file relUrl="Content/themes/base/images/ui-bg_highlight-soft_75_cccccc_1x100.png" publishTime="03/20/2012 17:04:04" />
    <file relUrl="Scripts/My97DatePicker/lang/en.js" publishTime="03/20/2012 17:04:03" />
    <file relUrl="images/openhand.cur" publishTime="03/20/2012 17:04:04" />
    <file relUrl="images/dialog-btn-bg.png" publishTime="03/20/2012 17:04:04" />
    <file relUrl="images/text-bg.png" publishTime="03/20/2012 17:04:04" />
    <file relUrl="Content/jquery.hashchange.js" publishTime="03/20/2012 17:04:04" />
    <file relUrl="Scripts/My97DatePicker/开发包/skin/default/img.gif" publishTime="03/20/2012 17:04:03" />
    <file relUrl="Content/images/tabs_active.png" publishTime="03/20/2012 17:04:05" />
    <file relUrl="Content/import.js" publishTime="03/20/2012 17:04:04" />
    <file relUrl="Scripts/jquery.validate.js" publishTime="03/20/2012 17:04:03" />
    <file relUrl="Content/vectormap/jquery.vector-map.css" publishTime="06/28/2012 16:26:04" />
    <file relUrl="Content/images/layout_button_left.gif" publishTime="03/20/2012 17:04:04" />
    <file relUrl="Content/images/messager_warning.gif" publishTime="03/20/2012 17:04:04" />
    <file relUrl="Content/ajaxfileupload.js" publishTime="03/20/2012 17:04:04" />
    <file relUrl="Views/Home/Index.cshtml" publishTime="03/20/2012 17:04:03" />
    <file relUrl="Scripts/jquery-ui.min.js" publishTime="03/20/2012 17:04:03" />
    <file relUrl="Content/images/button/btnover_bg_right.gif" publishTime="03/20/2012 17:04:05" />
    <file relUrl="Content/icons/help.png" publishTime="03/20/2012 17:04:05" />
    <file relUrl="Views/CdnWeb/CatchAPI.htm" publishTime="10/26/2012 11:37:12" />
    <file relUrl="Scripts/ReDrawChart.js" publishTime="01/15/2013 15:17:07" />
    <file relUrl="Views/Shared/Error.cshtml" publishTime="03/20/2012 17:04:03" />
    <file relUrl="Content/images/datagrid_row_collapse.gif" publishTime="03/20/2012 17:04:04" />
    <file relUrl="Content/images/layout_button_down.gif" publishTime="03/20/2012 17:04:04" />
    <file relUrl="Scripts/My97DatePicker/skin/datePicker.gif" publishTime="03/20/2012 17:04:03" />
    <file relUrl="Content/images/login_16.gif" publishTime="03/20/2012 17:04:04" />
    <file relUrl="Content/themes/dark-blue.js" publishTime="03/20/2012 17:04:04" />
    <file relUrl="Content/images/index_new_11.jpg" publishTime="03/20/2012 17:04:04" />
    <file relUrl="Content/images/panel_tools.gif" publishTime="03/20/2012 17:04:04" />
    <file relUrl="Content/images/datagrid_header_bg.gif" publishTime="03/20/2012 17:04:04" />
    <file relUrl="Views/CdnWeb/CatchMgr.cshtml" publishTime="03/21/2013 15:32:25" />
    <file relUrl="Content/images/login_05.gif" publishTime="03/20/2012 17:04:04" />
    <file relUrl="Scripts/My97DatePicker/开发包/lang/en.js" publishTime="03/20/2012 17:04:03" />
    <file relUrl="Scripts/themes/gray.js" publishTime="03/20/2012 17:04:03" />
    <file relUrl="Scripts/TrafficRpt.js" publishTime="02/01/2013 11:31:12" />
    <file relUrl="Content/images/messager_info.gif" publishTime="03/20/2012 17:04:04" />
    <file relUrl="Content/images/menu_rightarrow.png" publishTime="03/20/2012 17:04:04" />
    <file relUrl="Content/icons/cancel.png" publishTime="03/20/2012 17:04:05" />
    <file relUrl="Scripts/login.js" publishTime="06/04/2013 10:22:53" />
    <file relUrl="Content/themes/base/images/ui-bg_glass_55_fbf9ee_1x400.png" publishTime="03/20/2012 17:04:04" />
    <file relUrl="Scripts/Loading.js" publishTime="03/20/2012 17:04:03" />
    <file relUrl="Content/images/button_span_bg.gif" publishTime="03/20/2012 17:04:04" />
    <file relUrl="Content/images/messager_error.gif" publishTime="03/20/2012 17:04:04" />
    <file relUrl="Content/themes/base/jquery-ui.css" publishTime="03/20/2012 17:04:04" />
    <file relUrl="Content/vectormap/jquery-1.6.min.js" publishTime="06/28/2012 16:26:04" />
    <file relUrl="Content/contacts.js" publishTime="03/20/2012 17:04:04" />
    <file relUrl="Scripts/MicrosoftMvcAjax.debug.js" publishTime="03/20/2012 17:04:03" />
    <file relUrl="Content/themes/base/images/ui-icons_2e83ff_256x240.png" publishTime="03/20/2012 17:04:04" />
    <file relUrl="Views/CdnWeb/newVisitRpt.cshtml" publishTime="08/14/2012 14:55:05" />
    <file relUrl="bin/CDN_Web_Client.dll" publishTime="06/20/2013 16:05:13" />
    <file relUrl="Scripts/My97DatePicker/开发包/lang/zh-cn.js" publishTime="03/20/2012 17:04:03" />
    <file relUrl="images/closedhand.cur" publishTime="03/20/2012 17:04:04" />
    <file relUrl="Scripts/DrawHitChart.js" publishTime="03/20/2012 17:04:03" />
    <file relUrl="Content/icons/blank.gif" publishTime="03/20/2012 17:04:05" />
    <file relUrl="Content/icons/reload.png" publishTime="03/20/2012 17:04:05" />
    <file relUrl="Scripts/My97DatePicker/skin/WdatePicker.css" publishTime="03/20/2012 17:04:03" />
    <file relUrl="Scripts/My97DatePicker/skin/default/datepicker.css" publishTime="03/20/2012 17:04:03" />
    <file relUrl="Scripts/jquery-1.4.4-vsdoc.js" publishTime="03/20/2012 17:04:03" />
    <file relUrl="Scripts/ReDrawVisitChart.js" publishTime="06/25/2012 10:29:02" />
    <file relUrl="Scripts/MicrosoftMvcAjax.js" publishTime="03/20/2012 17:04:03" />
    <file relUrl="Content/images/accordion_expand.png" publishTime="03/20/2012 17:04:04" />
    <file relUrl="bin/CDN_Web_Client.pdb" publishTime="06/20/2013 16:05:13" />
    <file relUrl="Content/images/panel_title.png" publishTime="03/20/2012 17:04:04" />
    <file relUrl="Views/CdnWeb/VisitRpt.cshtml" publishTime="05/07/2012 09:56:00" />
    <file relUrl="Content/images/calendar_prevmonth.gif" publishTime="03/20/2012 17:04:04" />
    <file relUrl="Content/images/button/btnDsb_bg_right.gif" publishTime="03/20/2012 17:04:05" />
    <file relUrl="Content/cookie.js" publishTime="03/20/2012 17:04:04" />
    <file relUrl="Content/images/calendar_prevyear.gif" publishTime="03/20/2012 17:04:04" />
    <file relUrl="Content/images/login_18.gif" publishTime="03/20/2012 17:04:04" />
    <file relUrl="Content/images/panel_tool_collapse.gif" publishTime="03/20/2012 17:04:04" />
    <file relUrl="Content/contacts.css" publishTime="03/20/2012 17:04:04" />
    <file relUrl="Content/vectormap/china-zh.js" publishTime="06/28/2012 16:26:04" />
    <file relUrl="Scripts/jquery-1.4.4.min.js" publishTime="03/20/2012 17:04:03" />
    <file relUrl="Global.asax" publishTime="03/20/2012 17:04:03" />
    <file relUrl="Views/CdnWeb/CdnAddrList.cshtml" publishTime="03/20/2012 17:04:03" />
    <file relUrl="Content/images/datebox_arrow.png" publishTime="03/20/2012 17:04:04" />
    <file relUrl="Content/setPassword.js" publishTime="03/20/2012 17:04:04" />
    <file relUrl="Content/jquery-ui.css" publishTime="03/20/2012 17:04:04" />
    <file relUrl="Content/images/panel_tool_expand.gif" publishTime="03/20/2012 17:04:03" />
    <file relUrl="Scripts/MicrosoftMvcValidation.js" publishTime="03/20/2012 17:04:03" />
    <file relUrl="Web.config" publishTime="06/20/2013 16:10:34" />
    <file relUrl="Content/icons/edit_add.png" publishTime="03/20/2012 17:04:05" />
    <file relUrl="Content/themes/gray.js" publishTime="03/20/2012 17:04:04" />
    <file relUrl="Scripts/My97DatePicker/开发包/skin/datePicker.gif" publishTime="03/20/2012 17:04:03" />
    <file relUrl="Content/images/button/btnover_bg_center.gif" publishTime="03/20/2012 17:04:05" />
    <file relUrl="Content/images/button/btnDsb_bg_center.gif" publishTime="03/20/2012 17:04:05" />
    <file relUrl="Scripts/My97DatePicker/skin/default/img.gif" publishTime="03/20/2012 17:04:03" />
    <file relUrl="Content/images/calendar_nextyear.gif" publishTime="03/20/2012 17:04:04" />
    <file relUrl="Content/images/pagination_next.gif" publishTime="03/20/2012 17:04:04" />
    <file relUrl="Content/icons/pencil.png" publishTime="03/20/2012 17:04:05" />
    <file relUrl="Content/images/bt_bg.gif" publishTime="03/20/2012 17:04:04" />
    <file relUrl="Content/icons/edit_remove.png" publishTime="03/20/2012 17:04:05" />
    <file relUrl="Content/themes/base/images/ui-icons_222222_256x240.png" publishTime="03/20/2012 17:04:04" />
    <file relUrl="Scripts/My97DatePicker/开发包/skin/whyGreen/bg.jpg" publishTime="03/20/2012 17:04:03" />
    <file relUrl="Content/icons/redo.png" publishTime="03/20/2012 17:04:05" />
    <file relUrl="Content/action.js" publishTime="03/20/2012 17:04:04" />
    <file relUrl="Scripts/My97DatePicker/skin/whyGreen/bg.jpg" publishTime="03/20/2012 17:04:03" />
    <file relUrl="Content/contact_edit.js" publishTime="03/20/2012 17:04:04" />
    <file relUrl="Views/Home/Login.cshtml" publishTime="06/04/2013 10:28:00" />
    <file relUrl="Scripts/jquery.validate.unobtrusive.js" publishTime="03/20/2012 17:04:03" />
    <file relUrl="Content/images/pagination_loading.gif" publishTime="03/20/2012 17:04:04" />
    <file relUrl="Scripts/jquery.validate.unobtrusive.min.js" publishTime="03/20/2012 17:04:03" />
    <file relUrl="Content/images/spinner_arrow_down.gif" publishTime="03/20/2012 17:04:05" />
    <file relUrl="Content/images/head_other_03_cn.jpg" publishTime="03/20/2012 17:04:04" />
    <file relUrl="Content/vectormap/europe-en.js" publishTime="06/28/2012 16:26:04" />
    <file relUrl="Views/_ViewStart.cshtml" publishTime="03/20/2012 17:04:03" />
    <file relUrl="Scripts/My97DatePicker/lang/zh-tw.js" publishTime="03/20/2012 17:04:03" />
    <file relUrl="Scripts/My97DatePicker/开发包/skin/whyGreen/img.gif" publishTime="03/20/2012 17:04:03" />
    <file relUrl="Views/Helper/login.cshtml" publishTime="03/20/2012 17:04:03" />
    <file relUrl="Content/images/pagination_last.gif" publishTime="03/20/2012 17:04:04" />
    <file relUrl="Scripts/My97DatePicker/开发包/skin/whyGreen/datepicker.css" publishTime="03/20/2012 17:04:03" />
    <file relUrl="Content/tips.js" publishTime="03/20/2012 17:04:04" />
    <file relUrl="Scripts/My97DatePicker/skin/whyGreen/img.gif" publishTime="03/20/2012 17:04:03" />
    <file relUrl="Scripts/My97DatePicker/开发包/skin/default/datepicker.css" publishTime="03/20/2012 17:04:03" />
    <file relUrl="Views/CdnWeb/TopStream.cshtml" publishTime="01/15/2013 14:36:03" />
    <file relUrl="Scripts/MicrosoftMvcValidation.debug.js" publishTime="03/20/2012 17:04:03" />
    <file relUrl="Content/logo.png" publishTime="03/20/2012 17:04:04" />
    <file relUrl="Views/CdnWeb/副本 CatchMgr.cshtml" publishTime="03/23/2012 09:18:43" />
    <file relUrl="Scripts/LoadXml.js" publishTime="03/20/2012 17:04:03" />
    <file relUrl="Content/themes/base/images/ui-bg_glass_75_e6e6e6_1x400.png" publishTime="03/20/2012 17:04:04" />
    <file relUrl="Content/images/menu_downarrow.png" publishTime="03/20/2012 17:04:04" />
    <file relUrl="Content/themes/grid.js" publishTime="03/20/2012 17:04:04" />
    <file relUrl="Scripts/jquery.validate-vsdoc.js" publishTime="03/20/2012 17:04:03" />
    <file relUrl="Scripts/themes/grid.js" publishTime="03/20/2012 17:04:03" />
    <file relUrl="Content/images/index_new_04.jpg" publishTime="03/20/2012 17:04:04" />
    <file relUrl="Scripts/exporting.js" publishTime="03/20/2012 17:04:03" />
    <file relUrl="Scripts/jquery.unobtrusive-ajax.js" publishTime="03/20/2012 17:04:03" />
    <file relUrl="Views/Shared/_ManageLayout.cshtml" publishTime="04/05/2012 10:17:24" />
    <file relUrl="Content/vectormap/jquery.vector-map.js" publishTime="06/29/2012 14:29:59" />
    <file relUrl="Content/images/button/btnout_bg_left.gif" publishTime="03/20/2012 17:04:05" />
    <file relUrl="Content/icons/no.png" publishTime="03/20/2012 17:04:05" />
    <file relUrl="Content/icons/ok.png" publishTime="03/20/2012 17:04:05" />
    <file relUrl="images/icons.png" publishTime="03/20/2012 17:04:04" />
    <file relUrl="Content/images/messager_question.gif" publishTime="03/20/2012 17:04:04" />
    <file relUrl="Content/themes/base/images/ui-bg_glass_95_fef1ec_1x400.png" publishTime="03/20/2012 17:04:04" />
    <file relUrl="Content/themes/base/images/ui-bg_glass_75_dadada_1x400.png" publishTime="03/20/2012 17:04:04" />
    <file relUrl="Content/images/layout_button_right.gif" publishTime="03/20/2012 17:04:04" />
    <file relUrl="Content/icons/cut.png" publishTime="03/20/2012 17:04:05" />
    <file relUrl="Content/icons/back.png" publishTime="03/20/2012 17:04:05" />
    <file relUrl="Content/common.css" publishTime="04/05/2012 10:55:31" />
    <file relUrl="Scripts/highcharts.js" publishTime="05/07/2012 09:35:21" />
    <file relUrl="Content/themes/base/images/ui-bg_glass_65_ffffff_1x400.png" publishTime="03/20/2012 17:04:04" />
    <file relUrl="Scripts/My97DatePicker/lang/zh-cn.js" publishTime="03/20/2012 17:04:03" />
    <file relUrl="Content/images/spinner_arrow_up.gif" publishTime="03/20/2012 17:04:05" />
    <file relUrl="Content/icons/undo.png" publishTime="03/20/2012 17:04:05" />
    <file relUrl="Views/Shared/_Layout.cshtml" publishTime="03/20/2012 17:04:03" />
    <file relUrl="Content/images/hot_en.gif" publishTime="03/20/2012 17:04:04" />
    <file relUrl="Content/images/layout_button_up.gif" publishTime="03/20/2012 17:04:04" />
    <file relUrl="Content/images/button_a_bg.gif" publishTime="03/20/2012 17:04:04" />
    <file relUrl="Views/Web.config" publishTime="03/20/2012 17:04:03" />
    <file relUrl="Content/images/datagrid_sort_asc.gif" publishTime="03/20/2012 17:04:04" />
    <file relUrl="Content/images/menu_split_downarrow.png" publishTime="03/20/2012 17:04:04" />
    <file relUrl="Content/images/button/btnout_bg_right.gif" publishTime="03/20/2012 17:04:05" />
    <file relUrl="Scripts/CdnAddrJs.js" publishTime="01/15/2013 15:05:47" />
    <file relUrl="Content/icons/sum.png" publishTime="03/20/2012 17:04:05" />
    <file relUrl="Content/common.js" publishTime="04/05/2012 10:52:44" />
    <file relUrl="Scripts/My97DatePicker/calendar.js" publishTime="03/20/2012 17:04:03" />
    <file relUrl="Scripts/MapRpt.js" publishTime="12/18/2012 15:59:25" />
    <file relUrl="Scripts/My97DatePicker/开发包/lang/zh-tw.js" publishTime="03/20/2012 17:04:03" />
    <file relUrl="Content/themes/base/images/ui-bg_flat_0_aaaaaa_40x100.png" publishTime="03/20/2012 17:04:04" />
    <file relUrl="Scripts/My97DatePicker/config.js" publishTime="03/20/2012 17:04:03" />
    <file relUrl="Scripts/My97DatePicker/My97DatePicker.htm" publishTime="03/20/2012 17:04:03" />
    <file relUrl="Content/icon.css" publishTime="03/20/2012 17:04:04" />
    <file relUrl="Content/images/menu_sep.png" publishTime="03/20/2012 17:04:04" />
    <file relUrl="Content/images/button_plain_hover.png" publishTime="03/20/2012 17:04:04" />
    <file relUrl="Content/index.js" publishTime="04/05/2012 10:52:25" />
    <file relUrl="Content/vectormap/usa-en.js" publishTime="06/28/2012 16:26:04" />
    <file relUrl="Views/Helper/Help.cshtml" publishTime="03/20/2012 17:04:03" />
    <file relUrl="images/icons-sms.png" publishTime="03/20/2012 17:04:04" />
    <file relUrl="Scripts/newVisitRpt.js" publishTime="10/24/2012 14:31:20" />
    <file relUrl="Content/icons/filesave.png" publishTime="03/20/2012 17:04:05" />
    <file relUrl="Scripts/My97DatePicker/skin/whyGreen/datepicker.css" publishTime="03/20/2012 17:04:03" />
    <file relUrl="Content/jquery.md5.js" publishTime="03/20/2012 17:04:04" />
    <file relUrl="Content/themes/base/images/ui-bg_flat_75_ffffff_40x100.png" publishTime="03/20/2012 17:04:04" />
    <file relUrl="Content/images/tabs_close.gif" publishTime="03/20/2012 17:04:05" />
    <file relUrl="Content/themes/base/images/ui-icons_454545_256x240.png" publishTime="03/20/2012 17:04:04" />
    <file relUrl="Scripts/TopStream.js" publishTime="01/15/2013 14:36:32" />
    <file relUrl="bin/MySql.Data.dll" publishTime="03/20/2012 17:04:05" />
    <file relUrl="Scripts/jquery.easyui.min.js" publishTime="03/20/2012 17:04:03" />
    <file relUrl="Content/images/logo_07.jpg" publishTime="03/20/2012 17:04:04" />
    <file relUrl="Content/images/datagrid_sort_desc.gif" publishTime="03/20/2012 17:04:04" />
    <file relUrl="Content/icons/search.png" publishTime="03/20/2012 17:04:05" />
    <file relUrl="Content/images/login_11.gif" publishTime="03/20/2012 17:04:04" />
    <file relUrl="Content/images/pagination_load.png" publishTime="03/20/2012 17:04:04" />
    <file relUrl="Content/images/button/btnout_bg_center.gif" publishTime="03/20/2012 17:04:05" />
    <file relUrl="Content/images/login_091.jpg" publishTime="04/24/2012 16:17:42" />
    <file relUrl="Views/CdnWeb/TrafficRpt.cshtml" publishTime="01/30/2013 17:01:55" />
    <file relUrl="Content/jquery-ui-datepicker.js" publishTime="03/20/2012 17:04:04" />
    <file relUrl="Content/images/datagrid_row_expand.gif" publishTime="03/20/2012 17:04:04" />
    <file relUrl="Content/images/tabs_rightarrow.png" publishTime="03/20/2012 17:04:05" />
    <file relUrl="Content/vectormap/germany-en.js" publishTime="06/28/2012 16:26:04" />
    <file relUrl="Content/images/ajax-loader.gif" publishTime="03/20/2012 17:04:04" />
    <file relUrl="Scripts/themes/dark-blue.js" publishTime="03/20/2012 17:04:03" />
    <file relUrl="Scripts/jquery.validate.min.js" publishTime="03/20/2012 17:04:03" />
    <file relUrl="Content/images/calendar_nextmonth.gif" publishTime="03/20/2012 17:04:04" />
    <file relUrl="Views/CdnWeb/MapRpt.cshtml" publishTime="12/18/2012 15:40:10" />
    <file relUrl="Content/themes/base/images/ui-icons_888888_256x240.png" publishTime="03/20/2012 17:04:04" />
    <file relUrl="Content/images/color11.gif" publishTime="07/03/2012 13:08:50" />
    <file relUrl="Content/icons/print.png" publishTime="03/20/2012 17:04:05" />
    <file relUrl="Views/CdnWeb/Index.cshtml" publishTime="02/07/2013 11:21:42" />
    <file relUrl="Content/page.js" publishTime="03/20/2012 17:04:04" />
    <file relUrl="Content/images/datagrid_title_bg.png" publishTime="03/20/2012 17:04:04" />
    <file relUrl="Scripts/jquery.unobtrusive-ajax.min.js" publishTime="03/20/2012 17:04:03" />
    <file relUrl="images/bg_alert_warn.gif" publishTime="03/20/2012 17:04:04" />
    <file relUrl="Content/images/login_13.gif" publishTime="03/20/2012 17:04:04" />
    <file relUrl="Content/time-bg.png" publishTime="03/20/2012 17:04:04" />
    <file relUrl="Content/images/lay_bottom.gif" publishTime="03/20/2012 17:04:04" />
    <file relUrl="Content/Site.css" publishTime="03/20/2012 17:04:04" />
    <file relUrl="Content/combobox.js" publishTime="03/20/2012 17:04:04" />
    <file relUrl="Content/jquery-ui.js" publishTime="03/20/2012 17:04:04" />
    <file relUrl="Content/group.js" publishTime="03/20/2012 17:04:04" />
    <file relUrl="Content/images/button/btnDsb_bg_left.gif" publishTime="03/20/2012 17:04:05" />
    <file relUrl="Views/CdnWeb/HitRpt.cshtml" publishTime="02/07/2013 11:33:17" />
    <file relUrl="Scripts/MicrosoftAjax.debug.js" publishTime="03/20/2012 17:04:03" />
    <file relUrl="Content/images/button/btnover_bg_left.gif" publishTime="03/20/2012 17:04:05" />
    <file relUrl="Scripts/My97DatePicker/开发包/skin/WdatePicker.css" publishTime="03/20/2012 17:04:03" />
    <file relUrl="Views/CdnWeb/Download.cshtml" publishTime="11/20/2012 16:55:49" />
    <file relUrl="Content/images/pbar-ani.gif" publishTime="03/20/2012 17:04:04" />
    <file relUrl="images/combobox.png" publishTime="03/20/2012 17:04:04" />
    <file relUrl="Scripts/jquery-ui.js" publishTime="03/20/2012 17:04:03" />
    <file relUrl="Scripts/themes/dark-green.js" publishTime="03/20/2012 17:04:03" />
    <file relUrl="Scripts/My97DatePicker/开发包/readme.txt" publishTime="03/20/2012 17:04:03" />
    <file relUrl="Content/images/pagination_prev.gif" publishTime="03/20/2012 17:04:04" />
    <file relUrl="Content/images/tabs_enabled.png" publishTime="03/20/2012 17:04:05" />
    <file relUrl="Content/login.css" publishTime="03/20/2012 17:04:04" />
    <file relUrl="Content/pim.js" publishTime="03/20/2012 17:04:04" />
    <file relUrl="Content/easyui.css" publishTime="03/20/2012 17:04:04" />
    <file relUrl="Scripts/jquery-1.4.4.js" publishTime="03/20/2012 17:04:03" />
    <file relUrl="Content/images/index_new_15.jpg" publishTime="03/20/2012 17:04:04" />
    <file relUrl="Content/jquery.alert.js" publishTime="03/20/2012 17:04:04" />
    <file relUrl="Views/Home/LogTimeOut.cshtml" publishTime="11/14/2012 17:23:14" />
  </publishProfile>
</publishData>