﻿<?xml version="1.0" encoding="utf-8"?>
<publishData>
  <publishProfile publishUrl="E:\MyProject\系统发布\CdnFileClientWebSite" deleteExistingFiles="True" ftpAnonymousLogin="False" ftpPassiveMode="True" msdeploySite="" msdeploySiteID="" msdeployRemoteSitePhysicalPath="" msdeployAllowUntrustedCertificate="False" msdeploySkipExtraFilesOnServer="True" msdeployMarkAsApp="False" profileName="config" publishMethod="FileSystem" replaceMatchingFiles="False" userName="" savePWD="False" userPWD="" SelectedForPublish="True">
    <file relUrl="Scripts/My97DatePicker/开发包/skin/datePicker.gif" publishTime="03/15/2012 09:35:27" />
    <file relUrl="Scripts/jqGrid/src/i18n/grid.locale-cs.js" publishTime="03/15/2012 09:35:27" />
    <file relUrl="Scripts/jqGrid/src/JsonXml.js" publishTime="03/15/2012 09:35:27" />
    <file relUrl="Scripts/jquery-ui.js" publishTime="03/15/2012 09:35:27" />
    <file relUrl="Content/logo.png" publishTime="03/15/2012 09:35:37" />
    <file relUrl="Scripts/My97DatePicker/开发包/skin/whyGreen/bg.jpg" publishTime="03/15/2012 09:35:27" />
    <file relUrl="Scripts/jqGrid/i18n/grid.locale-sv.js" publishTime="03/15/2012 09:35:33" />
    <file relUrl="Scripts/jqGrid/i18n/grid.locale-cat.js" publishTime="03/15/2012 09:35:33" />
    <file relUrl="Scripts/jqGrid/src/i18n/grid.locale-el.js" publishTime="03/15/2012 09:35:27" />
    <file relUrl="Scripts/jqGrid/jquery.contextmenu.js" publishTime="03/15/2012 09:35:27" />
    <file relUrl="Scripts/jqGrid/i18n/grid.locale-fr.js" publishTime="03/15/2012 09:35:33" />
    <file relUrl="Views/CdnFile/MapRpt.cshtml" publishTime="12/18/2012 15:45:46" />
    <file relUrl="Scripts/highcharts.js" publishTime="03/15/2012 09:35:27" />
    <file relUrl="Content/images/button_span_bg.gif" publishTime="03/15/2012 09:35:37" />
    <file relUrl="Content/images/pagination_last.gif" publishTime="03/15/2012 09:35:37" />
    <file relUrl="Scripts/jquery-ui.min.js" publishTime="03/15/2012 09:35:27" />
    <file relUrl="Content/repeat_manage.js" publishTime="03/15/2012 09:35:37" />
    <file relUrl="Scripts/jqGrid/i18n/grid.locale-el.js" publishTime="03/15/2012 09:35:33" />
    <file relUrl="Content/vectormap/germany-en.js" publishTime="06/28/2012 16:26:04" />
    <file relUrl="Scripts/jqGrid/src/i18n/grid.locale-sv.js" publishTime="03/15/2012 09:35:26" />
    <file relUrl="Content/images/button/btnover_bg_left.gif" publishTime="03/15/2012 09:35:38" />
    <file relUrl="Scripts/jqGrid/src/i18n/grid.locale-tr.js" publishTime="03/15/2012 09:35:26" />
    <file relUrl="Content/jquery.js" publishTime="03/15/2012 09:35:37" />
    <file relUrl="Scripts/jqGrid/i18n/grid.locale-pt-br.js" publishTime="03/15/2012 09:35:33" />
    <file relUrl="Views/CdnFile/newVisitRpt.cshtml" publishTime="07/31/2012 16:40:23" />
    <file relUrl="Scripts/jqGrid/src/i18n/grid.locale-pl.js" publishTime="03/15/2012 09:35:27" />
    <file relUrl="Scripts/jqGrid/src/i18n/grid.locale-he.js" publishTime="03/15/2012 09:35:27" />
    <file relUrl="Content/images/layout_button_up.gif" publishTime="03/15/2012 09:35:37" />
    <file relUrl="Scripts/TrafficMnt.js" publishTime="01/15/2013 15:28:01" />
    <file relUrl="Scripts/jqGrid/src/jqModal.js" publishTime="03/15/2012 09:35:27" />
    <file relUrl="Scripts/jqGrid/src/i18n/grid.locale-fa.js" publishTime="03/15/2012 09:35:27" />
    <file relUrl="Scripts/jqGrid/src/i18n/grid.locale-sk.js" publishTime="03/15/2012 09:35:26" />
    <file relUrl="Content/icons/pencil.png" publishTime="03/15/2012 09:35:38" />
    <file relUrl="Scripts/jquery.validate.js" publishTime="03/15/2012 09:35:27" />
    <file relUrl="Views/CdnFile/Download.cshtml" publishTime="05/16/2012 09:50:42" />
    <file relUrl="Scripts/jqGrid/src/grid.subgrid.js" publishTime="03/15/2012 09:35:27" />
    <file relUrl="Content/icons/edit_add.png" publishTime="03/15/2012 09:35:38" />
    <file relUrl="Scripts/jqGrid/src/grid.setcolumns.js" publishTime="03/15/2012 09:35:27" />
    <file relUrl="Content/images/pagination_loading.gif" publishTime="03/15/2012 09:35:37" />
    <file relUrl="Scripts/jqGrid/tablednd.js" publishTime="03/15/2012 09:35:27" />
    <file relUrl="Content/icons/print.png" publishTime="03/15/2012 09:35:38" />
    <file relUrl="Scripts/DrawHitChart.js" publishTime="03/15/2012 09:35:27" />
    <file relUrl="Content/helper/login.jpg" publishTime="03/15/2012 09:35:38" />
    <file relUrl="Views/Shared/_ifrmLayout.cshtml" publishTime="03/15/2012 09:35:27" />
    <file relUrl="Scripts/My97DatePicker/lang/zh-tw.js" publishTime="03/15/2012 09:35:27" />
    <file relUrl="Content/vectormap/jquery.vector-map.css" publishTime="06/28/2012 16:26:04" />
    <file relUrl="Scripts/jqGrid/src/jquery.fmatter.js" publishTime="03/15/2012 09:35:27" />
    <file relUrl="Content/images/tabs_enabled.png" publishTime="03/15/2012 09:35:37" />
    <file relUrl="Scripts/My97DatePicker/开发包/lang/zh-cn.js" publishTime="03/15/2012 09:35:27" />
    <file relUrl="Content/icons/back.png" publishTime="03/15/2012 09:35:38" />
    <file relUrl="Views/Helper/Helper.cshtml" publishTime="03/15/2012 09:35:27" />
    <file relUrl="images/icons.png" publishTime="03/15/2012 09:35:36" />
    <file relUrl="Scripts/MicrosoftAjax.debug.js" publishTime="03/15/2012 09:35:27" />
    <file relUrl="Scripts/reDrawChart.js" publishTime="01/15/2013 15:29:48" />
    <file relUrl="Content/ajaxfileupload.js" publishTime="03/15/2012 09:35:36" />
    <file relUrl="Content/themes/gray.js" publishTime="03/15/2012 09:35:37" />
    <file relUrl="bin/MySql.Data.dll" publishTime="03/15/2012 09:35:36" />
    <file relUrl="Scripts/jqGrid/src/grid.inlinedit.js" publishTime="03/15/2012 09:35:27" />
    <file relUrl="Web.config" publishTime="06/20/2013 16:21:12" />
    <file relUrl="Content/images/pagination_first.gif" publishTime="03/15/2012 09:35:37" />
    <file relUrl="Scripts/jqGrid/src/i18n/grid.locale-pt.js" publishTime="03/15/2012 09:35:25" />
    <file relUrl="Content/images/layout_button_left.gif" publishTime="03/15/2012 09:35:37" />
    <file relUrl="Content/images/button/btnout_bg_right.gif" publishTime="03/15/2012 09:35:38" />
    <file relUrl="Scripts/My97DatePicker/skin/whyGreen/img.gif" publishTime="03/15/2012 09:35:27" />
    <file relUrl="Scripts/jqGrid/src/grid.tbltogrid.js" publishTime="03/15/2012 09:35:27" />
    <file relUrl="Scripts/jqGrid/src/css/images/ui-bg_gloss-wave_55_5c9ccc_500x100.png" publishTime="03/15/2012 09:35:33" />
    <file relUrl="Content/images/datagrid_sort_asc.gif" publishTime="03/15/2012 09:35:37" />
    <file relUrl="Scripts/My97DatePicker/skin/WdatePicker.css" publishTime="03/15/2012 09:35:27" />
    <file relUrl="Scripts/jqGrid/i18n/grid.locale-fi.js" publishTime="03/15/2012 09:35:33" />
    <file relUrl="Content/images/index_new_13.jpg" publishTime="03/15/2012 09:35:37" />
    <file relUrl="Content/vectormap/usa-en.js" publishTime="06/28/2012 16:26:04" />
    <file relUrl="Scripts/MicrosoftMvcAjax.js" publishTime="03/15/2012 09:35:27" />
    <file relUrl="Content/pim.js" publishTime="03/15/2012 09:35:37" />
    <file relUrl="Content/icons/reload.png" publishTime="03/15/2012 09:35:38" />
    <file relUrl="Content/images/button/btnover_bg_center.gif" publishTime="03/15/2012 09:35:38" />
    <file relUrl="Content/images/datagrid_title_bg.png" publishTime="03/15/2012 09:35:37" />
    <file relUrl="Scripts/jqGrid/src/i18n/grid.locale-bg.js" publishTime="03/15/2012 09:35:27" />
    <file relUrl="Scripts/My97DatePicker/lang/zh-cn.js" publishTime="03/15/2012 09:35:27" />
    <file relUrl="Content/helper/filelist.jpg" publishTime="03/15/2012 09:35:38" />
    <file relUrl="Scripts/jqGrid/src/grid.custom.js" publishTime="03/15/2012 09:35:27" />
    <file relUrl="Scripts/jqGrid/src/i18n/grid.locale-ua.js" publishTime="03/15/2012 09:35:27" />
    <file relUrl="Content/vectormap/jquery.vector-map.js" publishTime="06/29/2012 14:29:59" />
    <file relUrl="Content/images/panel_tool_collapse.gif" publishTime="03/15/2012 09:35:37" />
    <file relUrl="Content/images/messager_info.gif" publishTime="03/15/2012 09:35:37" />
    <file relUrl="Content/page.js" publishTime="03/15/2012 09:35:37" />
    <file relUrl="Scripts/jqGrid/src/grid.base.js" publishTime="03/15/2012 09:35:27" />
    <file relUrl="Content/images/tabs_active.png" publishTime="03/15/2012 09:35:37" />
    <file relUrl="Scripts/jqGrid/src/grid.jqueryui.js" publishTime="03/15/2012 09:35:27" />
    <file relUrl="Content/images/login_11.gif" publishTime="03/15/2012 09:35:37" />
    <file relUrl="Scripts/jqGrid/i18n/grid.locale-sp.js" publishTime="03/15/2012 09:35:33" />
    <file relUrl="Scripts/jquery.validate-vsdoc.js" publishTime="03/15/2012 09:35:27" />
    <file relUrl="Content/images/pagination_load.png" publishTime="03/15/2012 09:35:37" />
    <file relUrl="Scripts/My97DatePicker/开发包/skin/whyGreen/datepicker.css" publishTime="03/15/2012 09:35:27" />
    <file relUrl="Content/images/menu_rightarrow.png" publishTime="03/15/2012 09:35:37" />
    <file relUrl="Scripts/jqGrid/src/i18n/grid.locale-ru.js" publishTime="03/15/2012 09:35:25" />
    <file relUrl="Scripts/jqGrid/src/css/ui.jqgrid.css" publishTime="03/15/2012 09:35:33" />
    <file relUrl="Scripts/modules/exporting.js" publishTime="03/15/2012 09:35:27" />
    <file relUrl="Views/Helper/Index.cshtml" publishTime="03/15/2012 09:35:27" />
    <file relUrl="Content/tips.js" publishTime="03/15/2012 09:35:37" />
    <file relUrl="Content/images/ajax-loader.gif" publishTime="03/15/2012 09:35:37" />
    <file relUrl="Scripts/jqGrid/src/css/images/ui-icons_2e83ff_256x240.png" publishTime="03/15/2012 09:35:33" />
    <file relUrl="Views/Shared/_ManageLayout.cshtml" publishTime="03/29/2012 17:17:42" />
    <file relUrl="Scripts/jqGrid/src/jqDnR.js" publishTime="03/15/2012 09:35:27" />
    <file relUrl="Scripts/jqGrid/i18n/grid.locale-tr.js" publishTime="03/15/2012 09:35:33" />
    <file relUrl="Content/themes/grid.js" publishTime="03/15/2012 09:35:37" />
    <file relUrl="Content/import.js" publishTime="03/15/2012 09:35:37" />
    <file relUrl="Views/Home/LogTimeOut.cshtml" publishTime="11/14/2012 17:40:27" />
    <file relUrl="Scripts/jquery.unobtrusive-ajax.js" publishTime="03/15/2012 09:35:27" />
    <file relUrl="Scripts/jquery.validate.unobtrusive.min.js" publishTime="03/15/2012 09:35:27" />
    <file relUrl="Scripts/jqGrid/jquery-ui-1.8.2.custom.min.js" publishTime="03/15/2012 09:35:27" />
    <file relUrl="Scripts/jqGrid/src/i18n/grid.locale-is.js" publishTime="03/15/2012 09:35:27" />
    <file relUrl="Content/images/login_091.jpg" publishTime="04/24/2012 16:13:18" />
    <file relUrl="Views/CdnFile/DLCount.cshtml" publishTime="11/15/2012 15:44:16" />
    <file relUrl="Content/images/datagrid_sort_desc.gif" publishTime="03/15/2012 09:35:37" />
    <file relUrl="Content/images/combo_arrow.gif" publishTime="03/15/2012 09:35:37" />
    <file relUrl="Content/images/layout_button_right.gif" publishTime="03/15/2012 09:35:37" />
    <file relUrl="Content/helper/liuliang.jpg" publishTime="03/15/2012 09:35:38" />
    <file relUrl="Content/easyui.css" publishTime="03/15/2012 09:35:35" />
    <file relUrl="Content/themes/base/images/ui-icons_cd0a0a_256x240.png" publishTime="03/15/2012 09:35:37" />
    <file relUrl="Content/images/datagrid_row_expand.gif" publishTime="03/15/2012 09:35:37" />
    <file relUrl="images/icons-sms.png" publishTime="03/15/2012 09:35:36" />
    <file relUrl="Content/helper/traffic.jpg" publishTime="03/15/2012 09:35:38" />
    <file relUrl="Content/icons/edit_remove.png" publishTime="03/15/2012 09:35:38" />
    <file relUrl="Content/jquery.alert.js" publishTime="03/15/2012 09:35:37" />
    <file relUrl="Content/images/button/btnover_bg_right.gif" publishTime="03/15/2012 09:35:38" />
    <file relUrl="Content/images/calendar_nextyear.gif" publishTime="03/15/2012 09:35:37" />
    <file relUrl="Content/images/head_other_03_cn.jpg" publishTime="03/15/2012 09:35:37" />
    <file relUrl="Content/jquery-ui-datepicker.js" publishTime="03/15/2012 09:35:37" />
    <file relUrl="Content/themes/dark-blue.js" publishTime="03/15/2012 09:35:37" />
    <file relUrl="Content/vectormap/china-zh.js" publishTime="06/28/2012 16:26:04" />
    <file relUrl="Content/images/button/btnDsb_bg_left.gif" publishTime="03/15/2012 09:35:38" />
    <file relUrl="Scripts/jqGrid/src/i18n/grid.locale-cn.js" publishTime="03/15/2012 09:35:27" />
    <file relUrl="Scripts/Login.js" publishTime="06/04/2013 10:27:45" />
    <file relUrl="bin/CDN_File_Client.pdb" publishTime="06/26/2013 14:34:47" />
    <file relUrl="Content/images/datagrid_header_bg.gif" publishTime="03/15/2012 09:35:37" />
    <file relUrl="Content/icons/filesave.png" publishTime="03/15/2012 09:35:38" />
    <file relUrl="Scripts/jqGrid/src/grid.common.js" publishTime="03/15/2012 09:35:27" />
    <file relUrl="Content/contacts.js" publishTime="03/15/2012 09:35:36" />
    <file relUrl="Content/vectormap/jquery-1.6.min.js" publishTime="06/28/2012 16:26:04" />
    <file relUrl="Content/themes/base/images/ui-icons_454545_256x240.png" publishTime="03/15/2012 09:35:37" />
    <file relUrl="Content/images/menu_sep.png" publishTime="03/15/2012 09:35:37" />
    <file relUrl="Content/icon.css" publishTime="03/15/2012 09:35:37" />
    <file relUrl="Content/helper/quyu.jpg" publishTime="03/15/2012 09:35:38" />
    <file relUrl="Scripts/My97DatePicker/开发包/skin/default/datepicker.css" publishTime="03/15/2012 09:35:27" />
    <file relUrl="Content/images/lay_top.gif" publishTime="03/15/2012 09:35:37" />
    <file relUrl="Content/themes/base/images/ui-bg_flat_0_aaaaaa_40x100.png" publishTime="03/15/2012 09:35:37" />
    <file relUrl="Views/CdnFile/TrafficMnt.cshtml" publishTime="01/15/2013 15:30:36" />
    <file relUrl="Scripts/jqGrid/src/i18n/grid.locale-sp.js" publishTime="03/15/2012 09:35:26" />
    <file relUrl="Content/common.css" publishTime="03/15/2012 09:35:36" />
    <file relUrl="Scripts/jqGrid/src/i18n/grid.locale-es.js" publishTime="03/15/2012 09:35:27" />
    <file relUrl="Content/login.css" publishTime="03/15/2012 09:35:37" />
    <file relUrl="Global.asax" publishTime="03/15/2012 09:35:27" />
    <file relUrl="Scripts/adapters/prototype-adapter.src.js" publishTime="03/15/2012 09:35:33" />
    <file relUrl="Content/icons/help.png" publishTime="03/15/2012 09:35:38" />
    <file relUrl="Views/Home/Login.cshtml" publishTime="06/04/2013 10:28:41" />
    <file relUrl="Content/images/tabs_close.gif" publishTime="03/15/2012 09:35:37" />
    <file relUrl="Content/icons/ok.png" publishTime="03/15/2012 09:35:38" />
    <file relUrl="Views/Web.config" publishTime="03/15/2012 09:35:27" />
    <file relUrl="images/dialog-btn-bg.png" publishTime="03/15/2012 09:35:36" />
    <file relUrl="Content/themes/base/images/ui-bg_glass_75_dadada_1x400.png" publishTime="03/15/2012 09:35:37" />
    <file relUrl="Scripts/jqGrid/src/i18n/grid.locale-da.js" publishTime="03/15/2012 09:35:27" />
    <file relUrl="Scripts/adapters/prototype-adapter.js" publishTime="03/15/2012 09:35:33" />
    <file relUrl="Scripts/jqGrid/src/grid.postext.js" publishTime="03/15/2012 09:35:27" />
    <file relUrl="Scripts/jqGrid/src/i18n/grid.locale-pt-br.js" publishTime="03/15/2012 09:35:25" />
    <file relUrl="Scripts/DLCount.js" publishTime="11/15/2012 11:57:11" />
    <file relUrl="Content/images/index_new_04.jpg" publishTime="03/15/2012 09:35:37" />
    <file relUrl="Scripts/newVisitRpt.js" publishTime="07/31/2012 16:40:23" />
    <file relUrl="Scripts/jqGrid/src/grid.formedit.js" publishTime="03/15/2012 09:35:27" />
    <file relUrl="Content/images/pagination_next.gif" publishTime="03/15/2012 09:35:37" />
    <file relUrl="Scripts/jqGrid/src/grid.loader.js" publishTime="03/15/2012 09:35:27" />
    <file relUrl="Content/images/messager_question.gif" publishTime="03/15/2012 09:35:37" />
    <file relUrl="Content/vectormap/world-en.js" publishTime="06/28/2012 16:26:04" />
    <file relUrl="Scripts/My97DatePicker/calendar.js" publishTime="03/15/2012 09:35:27" />
    <file relUrl="Scripts/FileList.js" publishTime="11/01/2012 14:48:22" />
    <file relUrl="Content/vectormap/china-en.js" publishTime="06/28/2012 16:26:04" />
    <file relUrl="Scripts/jqGrid/src/i18n/grid.locale-de.js" publishTime="03/15/2012 09:35:27" />
    <file relUrl="Content/helper/top.gif" publishTime="03/15/2012 09:35:38" />
    <file relUrl="Scripts/jqGrid/src/css/images/ui-bg_inset-hard_100_fcfdfd_1x100.png" publishTime="03/15/2012 09:35:33" />
    <file relUrl="Scripts/jqGrid/i18n/grid.locale-ua.js" publishTime="03/15/2012 09:35:33" />
    <file relUrl="Views/CdnFile/Index.cshtml" publishTime="11/15/2012 11:53:39" />
    <file relUrl="Content/icons/redo.png" publishTime="03/15/2012 09:35:38" />
    <file relUrl="Scripts/jqGrid/src/i18n/grid.locale-bg1251.js" publishTime="03/15/2012 09:35:27" />
    <file relUrl="Scripts/My97DatePicker/开发包/readme.txt" publishTime="03/15/2012 09:35:27" />
    <file relUrl="Scripts/My97DatePicker/skin/datePicker.gif" publishTime="03/15/2012 09:35:27" />
    <file relUrl="Content/images/datebox_arrow.png" publishTime="03/15/2012 09:35:37" />
    <file relUrl="Scripts/jqGrid/src/css/images/ui-icons_469bdd_256x240.png" publishTime="03/15/2012 09:35:33" />
    <file relUrl="Content/contacts.css" publishTime="03/15/2012 09:35:36" />
    <file relUrl="Scripts/jqGrid/jquery.tablednd.js" publishTime="03/15/2012 09:35:27" />
    <file relUrl="Content/icons/no.png" publishTime="03/15/2012 09:35:38" />
    <file relUrl="Content/images/bt_bg.gif" publishTime="03/15/2012 09:35:37" />
    <file relUrl="Content/themes/base/images/ui-icons_222222_256x240.png" publishTime="03/15/2012 09:35:37" />
    <file relUrl="Scripts/jquery-1.4.4.min.js" publishTime="03/15/2012 09:35:27" />
    <file relUrl="Scripts/jquery.unobtrusive-ajax.min.js" publishTime="03/15/2012 09:35:27" />
    <file relUrl="Scripts/jqGrid/i18n/grid.locale-nl.js" publishTime="03/15/2012 09:35:33" />
    <file relUrl="Content/helper/jieguo.jpg" publishTime="03/15/2012 09:35:38" />
    <file relUrl="Content/vectormap/europe-en.js" publishTime="06/28/2012 16:26:04" />
    <file relUrl="Scripts/jqGrid/jquery.min.js" publishTime="03/15/2012 09:35:27" />
    <file relUrl="Scripts/jqGrid/i18n/grid.locale-he.js" publishTime="03/15/2012 09:35:33" />
    <file relUrl="Scripts/jqGrid/src/i18n/grid.locale-jp.js" publishTime="03/15/2012 09:35:27" />
    <file relUrl="Views/Helper/help_3.cshtml" publishTime="03/15/2012 09:35:27" />
    <file relUrl="Views/Shared/_Layout.cshtml" publishTime="03/29/2012 17:14:34" />
    <file relUrl="Content/images/button/btnDsb_bg_center.gif" publishTime="03/15/2012 09:35:38" />
    <file relUrl="Content/images/index_new_11.jpg" publishTime="03/15/2012 09:35:37" />
    <file relUrl="bin/CDN_File_Client.dll" publishTime="06/26/2013 14:34:48" />
    <file relUrl="Content/images/button/btnout_bg_center.gif" publishTime="03/15/2012 09:35:38" />
    <file relUrl="Scripts/jqGrid/i18n/grid.locale-bg.js" publishTime="03/15/2012 09:35:33" />
    <file relUrl="Content/images/color11.gif" publishTime="07/03/2012 13:08:50" />
    <file relUrl="Content/contact_edit.js" publishTime="03/15/2012 09:35:36" />
    <file relUrl="Content/images/calendar_prevmonth.gif" publishTime="03/15/2012 09:35:37" />
    <file relUrl="Scripts/jqGrid/src/i18n/grid.locale-dk.js" publishTime="03/15/2012 09:35:27" />
    <file relUrl="Scripts/HotFileList.js" publishTime="04/11/2013 17:51:28" />
    <file relUrl="Views/CdnFile/ClientDomain.cshtml" publishTime="11/07/2012 16:00:39" />
    <file relUrl="Scripts/jqGrid/i18n/grid.locale-en.js" publishTime="03/15/2012 09:35:33" />
    <file relUrl="Views/Helper/help_4.cshtml" publishTime="03/15/2012 09:35:27" />
    <file relUrl="Views/Home/About.cshtml" publishTime="03/15/2012 09:35:27" />
    <file relUrl="images/openhand.cur" publishTime="03/15/2012 09:35:36" />
    <file relUrl="Content/helper/shijianduan.jpg" publishTime="03/15/2012 09:35:38" />
    <file relUrl="Scripts/jqGrid/src/i18n/grid.locale-ja.js" publishTime="03/15/2012 09:35:27" />
    <file relUrl="Scripts/jqGrid/i18n/grid.locale-it.js" publishTime="03/15/2012 09:35:33" />
    <file relUrl="Scripts/jqGrid/src/grid.celledit.js" publishTime="03/15/2012 09:35:27" />
    <file relUrl="Content/images/index_new_15.jpg" publishTime="03/15/2012 09:35:37" />
    <file relUrl="Scripts/My97DatePicker/My97DatePicker.htm" publishTime="03/15/2012 09:35:27" />
    <file relUrl="Content/jquery.hashchange.js" publishTime="03/15/2012 09:35:37" />
    <file relUrl="Scripts/My97DatePicker/config.js" publishTime="03/15/2012 09:35:27" />
    <file relUrl="Scripts/themes/dark-blue.js" publishTime="03/15/2012 09:35:27" />
    <file relUrl="Content/images/login_13.gif" publishTime="03/15/2012 09:35:37" />
    <file relUrl="Scripts/jqGrid/i18n/grid.locale-ru.js" publishTime="03/15/2012 09:35:33" />
    <file relUrl="Content/helper/fenfa.jpg" publishTime="03/15/2012 09:35:38" />
    <file relUrl="Scripts/jqGrid/src/i18n/grid.locale-ro.js" publishTime="03/15/2012 09:35:25" />
    <file relUrl="Scripts/My97DatePicker/skin/whyGreen/bg.jpg" publishTime="03/15/2012 09:35:27" />
    <file relUrl="Scripts/jqGrid/src/css/images/ui-bg_flat_55_fbec88_40x100.png" publishTime="03/15/2012 09:35:33" />
    <file relUrl="Content/helper/quxiaofenfa.jpg" publishTime="03/15/2012 09:35:38" />
    <file relUrl="Scripts/jqGrid/src/i18n/grid.locale-fi.js" publishTime="03/15/2012 09:35:27" />
    <file relUrl="Content/images/menu.gif" publishTime="03/15/2012 09:35:37" />
    <file relUrl="Scripts/My97DatePicker/开发包/lang/en.js" publishTime="03/15/2012 09:35:27" />
    <file relUrl="Content/images/login_05.gif" publishTime="03/15/2012 09:35:37" />
    <file relUrl="Content/themes/base/jquery-ui.css" publishTime="03/15/2012 09:35:37" />
    <file relUrl="Scripts/My97DatePicker/开发包/skin/WdatePicker.css" publishTime="03/15/2012 09:35:27" />
    <file relUrl="Content/icons/undo.png" publishTime="03/15/2012 09:35:38" />
    <file relUrl="Scripts/jqGrid/i18n/grid.locale-bg1251.js" publishTime="03/15/2012 09:35:33" />
    <file relUrl="Scripts/My97DatePicker/开发包/lang/zh-tw.js" publishTime="03/15/2012 09:35:27" />
    <file relUrl="Scripts/jqGrid/src/css/images/ui-icons_217bc0_256x240.png" publishTime="03/15/2012 09:35:33" />
    <file relUrl="Content/images/accordion_collapse.png" publishTime="03/15/2012 09:35:37" />
    <file relUrl="Scripts/float.js" publishTime="03/15/2012 09:35:27" />
    <file relUrl="Scripts/themes/grid.js" publishTime="03/15/2012 09:35:27" />
    <file relUrl="Content/helper/dandu.jpg" publishTime="03/15/2012 09:35:38" />
    <file relUrl="Content/images/menu_downarrow.png" publishTime="03/15/2012 09:35:37" />
    <file relUrl="Views/Home/Index.cshtml" publishTime="03/15/2012 09:35:27" />
    <file relUrl="Scripts/MicrosoftMvcAjax.debug.js" publishTime="03/15/2012 09:35:27" />
    <file relUrl="Content/jquery.md5.js" publishTime="03/15/2012 09:35:37" />
    <file relUrl="Content/themes/base/images/ui-bg_glass_95_fef1ec_1x400.png" publishTime="03/15/2012 09:35:37" />
    <file relUrl="Scripts/jqGrid/i18n/grid.locale-dk.js" publishTime="03/15/2012 09:35:33" />
    <file relUrl="Scripts/jqGrid/src/css/images/ui-icons_d8e7f3_256x240.png" publishTime="03/15/2012 09:35:33" />
    <file relUrl="Content/images/pagination_prev.gif" publishTime="03/15/2012 09:35:37" />
    <file relUrl="images/closedhand.cur" publishTime="03/15/2012 09:35:36" />
    <file relUrl="Content/images/calendar_nextmonth.gif" publishTime="03/15/2012 09:35:37" />
    <file relUrl="Scripts/MapRpt.js" publishTime="12/18/2012 16:07:53" />
    <file relUrl="Scripts/jqGrid/src/css/images/ui-anim_basic_16x16.gif" publishTime="03/15/2012 09:35:33" />
    <file relUrl="Views/CdnFile/TopRpt.cshtml" publishTime="09/10/2012 10:40:40" />
    <file relUrl="Scripts/My97DatePicker/开发包/skin/default/img.gif" publishTime="03/15/2012 09:35:27" />
    <file relUrl="Content/Site.css" publishTime="03/15/2012 09:35:37" />
    <file relUrl="Scripts/jqGrid/src/ui.multiselect.js" publishTime="03/15/2012 09:35:27" />
    <file relUrl="Scripts/jqGrid/i18n/grid.locale-jp.js" publishTime="03/15/2012 09:35:33" />
    <file relUrl="Content/images/datagrid_row_collapse.gif" publishTime="03/15/2012 09:35:37" />
    <file relUrl="Content/themes/base/images/ui-bg_highlight-soft_75_cccccc_1x100.png" publishTime="03/15/2012 09:35:37" />
    <file relUrl="Content/images/tabs_rightarrow.png" publishTime="03/15/2012 09:35:37" />
    <file relUrl="Scripts/jqGrid/src/css/images/ui-bg_glass_75_d0e5f5_1x400.png" publishTime="03/15/2012 09:35:33" />
    <file relUrl="Content/images/button_plain_hover.png" publishTime="03/15/2012 09:35:37" />
    <file relUrl="Scripts/jqGrid/i18n/grid.locale-fa.js" publishTime="03/15/2012 09:35:33" />
    <file relUrl="Content/helper/redpoint.jpg" publishTime="03/15/2012 09:35:38" />
    <file relUrl="Views/CdnFile/FileList.cshtml" publishTime="04/05/2012 16:34:01" />
    <file relUrl="Content/images/button_a_bg.gif" publishTime="03/15/2012 09:35:37" />
    <file relUrl="Content/combobox.js" publishTime="03/15/2012 09:35:36" />
    <file relUrl="Scripts/jquery.validate.unobtrusive.js" publishTime="03/15/2012 09:35:27" />
    <file relUrl="Scripts/jqGrid/src/grid.import.js" publishTime="03/15/2012 09:35:27" />
    <file relUrl="Scripts/jqGrid/src/grid.treegrid.js" publishTime="03/15/2012 09:35:27" />
    <file relUrl="Scripts/jqGrid/i18n/grid.locale-cs.js" publishTime="03/15/2012 09:35:33" />
    <file relUrl="Content/themes/base/images/ui-icons_888888_256x240.png" publishTime="03/15/2012 09:35:37" />
    <file relUrl="Scripts/jquery-1.4.4.js" publishTime="03/15/2012 09:35:27" />
    <file relUrl="Content/group.js" publishTime="03/15/2012 09:35:35" />
    <file relUrl="Content/index.js" publishTime="03/15/2012 09:35:37" />
    <file relUrl="Scripts/My97DatePicker/开发包/skin/whyGreen/img.gif" publishTime="03/15/2012 09:35:27" />
    <file relUrl="Content/helper/xiazai.jpg" publishTime="03/15/2012 09:35:38" />
    <file relUrl="Scripts/jqGrid/src/i18n/grid.locale-gl.js" publishTime="03/15/2012 09:35:27" />
    <file relUrl="Scripts/ReDrawVisitChart.js" publishTime="03/15/2012 09:35:27" />
    <file relUrl="Scripts/TopRpt.js" publishTime="09/10/2012 10:41:36" />
    <file relUrl="Content/icons/cancel.png" publishTime="03/15/2012 09:35:38" />
    <file relUrl="Content/helper/xiazaiqk.jpg" publishTime="03/15/2012 09:35:38" />
    <file relUrl="images/bg_alert_warn.gif" publishTime="03/15/2012 09:35:36" />
    <file relUrl="Scripts/My97DatePicker/lang/en.js" publishTime="03/15/2012 09:35:27" />
    <file relUrl="Content/setPassword.js" publishTime="03/15/2012 09:35:37" />
    <file relUrl="Content/images/menu_split_downarrow.png" publishTime="03/15/2012 09:35:37" />
    <file relUrl="Content/helper/fengzhi.jpg" publishTime="03/15/2012 09:35:38" />
    <file relUrl="Content/images/pbar-ani.gif" publishTime="03/15/2012 09:35:37" />
    <file relUrl="Scripts/jqGrid/i18n/grid.locale-pl.js" publishTime="03/15/2012 09:35:33" />
    <file relUrl="Content/images/spinner_arrow_down.gif" publishTime="03/15/2012 09:35:37" />
    <file relUrl="Scripts/My97DatePicker/skin/whyGreen/datepicker.css" publishTime="03/15/2012 09:35:27" />
    <file relUrl="Scripts/adapters/mootools-adapter.src.js" publishTime="03/15/2012 09:35:33" />
    <file relUrl="Content/images/tabs_leftarrow.png" publishTime="03/15/2012 09:35:37" />
    <file relUrl="Content/images/spinner_arrow_up.gif" publishTime="03/15/2012 09:35:37" />
    <file relUrl="Scripts/jqGrid/src/css/images/ui-icons_cd0a0a_256x240.png" publishTime="03/15/2012 09:35:33" />
    <file relUrl="Scripts/jqGrid/src/grid.grouping.js" publishTime="03/15/2012 09:35:27" />
    <file relUrl="Content/icons/search.png" publishTime="03/15/2012 09:35:38" />
    <file relUrl="Scripts/exporting.js" publishTime="03/15/2012 09:35:27" />
    <file relUrl="Content/themes/base/images/ui-bg_glass_75_e6e6e6_1x400.png" publishTime="03/15/2012 09:35:37" />
    <file relUrl="Scripts/jquery-1.4.4-vsdoc.js" publishTime="03/15/2012 09:35:27" />
    <file relUrl="Content/images/panel_loading.gif" publishTime="03/15/2012 09:35:37" />
    <file relUrl="Content/images/panel_title.png" publishTime="03/15/2012 09:35:37" />
    <file relUrl="Scripts/jqGrid/src/jquery.searchFilter.js" publishTime="03/15/2012 09:35:27" />
    <file relUrl="Scripts/TrafficRpt.js" publishTime="01/15/2013 15:35:07" />
    <file relUrl="Views/CdnFile/VisitRpt.cshtml" publishTime="05/15/2012 16:33:36" />
    <file relUrl="Content/helper/dofengzhi.jpg" publishTime="03/15/2012 09:35:38" />
    <file relUrl="Content/common.js" publishTime="03/15/2012 09:35:36" />
    <file relUrl="Scripts/MicrosoftMvcValidation.js" publishTime="03/15/2012 09:35:27" />
    <file relUrl="Content/cookie.js" publishTime="03/15/2012 09:35:35" />
    <file relUrl="Content/images/calendar_prevyear.gif" publishTime="03/15/2012 09:35:37" />
    <file relUrl="Scripts/jqGrid/src/css/jquery.searchFilter.css" publishTime="03/15/2012 09:35:33" />
    <file relUrl="Content/images/messager_error.gif" publishTime="03/15/2012 09:35:37" />
    <file relUrl="Content/images/button/btnDsb_bg_right.gif" publishTime="03/15/2012 09:35:38" />
    <file relUrl="Scripts/My97DatePicker/skin/default/datepicker.css" publishTime="03/15/2012 09:35:27" />
    <file relUrl="Views/Shared/Error.cshtml" publishTime="03/15/2012 09:35:27" />
    <file relUrl="Scripts/jqGrid/src/i18n/grid.locale-hu.js" publishTime="03/15/2012 09:35:27" />
    <file relUrl="Scripts/themes/dark-green.js" publishTime="03/15/2012 09:35:27" />
    <file relUrl="Content/themes/base/images/ui-bg_glass_55_fbf9ee_1x400.png" publishTime="03/15/2012 09:35:37" />
    <file relUrl="Scripts/jqGrid/src/css/ui.multiselect.css" publishTime="03/15/2012 09:35:33" />
    <file relUrl="Scripts/jqGrid/i18n/grid.locale-no.js" publishTime="03/15/2012 09:35:33" />
    <file relUrl="Scripts/modules/exporting.src.js" publishTime="03/15/2012 09:35:27" />
    <file relUrl="Content/themes/dark-green.js" publishTime="03/15/2012 09:35:37" />
    <file relUrl="Content/images/login_18.gif" publishTime="03/15/2012 09:35:37" />
    <file relUrl="Scripts/adapters/mootools-adapter.js" publishTime="03/15/2012 09:35:33" />
    <file relUrl="Scripts/jqGrid/src/i18n/grid.locale-no.js" publishTime="03/15/2012 09:35:27" />
    <file relUrl="Scripts/jqGrid/jquery.layout.js" publishTime="03/15/2012 09:35:27" />
    <file relUrl="Scripts/jqGrid/src/css/images/ui-bg_glass_85_dfeffc_1x400.png" publishTime="03/15/2012 09:35:33" />
    <file relUrl="Views/_ViewStart.cshtml" publishTime="03/15/2012 09:35:27" />
    <file relUrl="Content/images/messager_warning.gif" publishTime="03/15/2012 09:35:37" />
    <file relUrl="Scripts/jqGrid/i18n/grid.locale-ro.js" publishTime="03/15/2012 09:35:33" />
    <file relUrl="Views/CdnFile/TrafficRpt.cshtml" publishTime="03/15/2012 09:35:27" />
    <file relUrl="Views/Helper/help_5.cshtml" publishTime="03/15/2012 09:35:27" />
    <file relUrl="Content/images/accordion_expand.png" publishTime="03/15/2012 09:35:37" />
    <file relUrl="Scripts/Loading.js" publishTime="03/15/2012 09:35:27" />
    <file relUrl="Scripts/jqGrid/src/i18n/grid.locale-en.js" publishTime="03/15/2012 09:35:27" />
    <file relUrl="Content/images/layout_button_down.gif" publishTime="03/15/2012 09:35:37" />
    <file relUrl="Scripts/jquery.validate.min.js" publishTime="03/15/2012 09:35:27" />
    <file relUrl="Scripts/MicrosoftAjax.js" publishTime="03/15/2012 09:35:27" />
    <file relUrl="images/combobox.png" publishTime="03/15/2012 09:35:36" />
    <file relUrl="Content/action.js" publishTime="03/15/2012 09:35:36" />
    <file relUrl="Views/Helper/help_1.cshtml" publishTime="03/15/2012 09:35:27" />
    <file relUrl="Scripts/jqGrid/src/css/images/ui-bg_inset-hard_100_f5f8f9_1x100.png" publishTime="03/15/2012 09:35:33" />
    <file relUrl="Scripts/jqGrid/i18n/grid.locale-de.js" publishTime="03/15/2012 09:35:33" />
    <file relUrl="Scripts/My97DatePicker/skin/default/img.gif" publishTime="03/15/2012 09:35:27" />
    <file relUrl="Content/themes/base/images/ui-bg_flat_75_ffffff_40x100.png" publishTime="03/15/2012 09:35:37" />
    <file relUrl="Content/jquery-ui.css" publishTime="03/15/2012 09:35:37" />
    <file relUrl="Scripts/jqGrid/src/i18n/grid.locale-cat.js" publishTime="03/15/2012 09:35:27" />
    <file relUrl="Scripts/jqGrid/jquery.jqGrid.min.js" publishTime="03/15/2012 09:35:27" />
    <file relUrl="Scripts/themes/gray.js" publishTime="03/15/2012 09:35:27" />
    <file relUrl="Scripts/jqGrid/src/css/images/ui-icons_6da8d5_256x240.png" publishTime="03/15/2012 09:35:33" />
    <file relUrl="Scripts/MicrosoftMvcValidation.debug.js" publishTime="03/15/2012 09:35:27" />
    <file relUrl="Scripts/jqGrid/src/css/images/ui-bg_flat_0_aaaaaa_40x100.png" publishTime="03/15/2012 09:35:33" />
    <file relUrl="Content/themes/base/images/ui-icons_2e83ff_256x240.png" publishTime="03/15/2012 09:35:37" />
    <file relUrl="Content/images/lay_bottom.gif" publishTime="03/15/2012 09:35:37" />
    <file relUrl="Scripts/jqGrid/ui.multiselect.js" publishTime="03/15/2012 09:35:27" />
    <file relUrl="Scripts/jquery.easyui.min.js" publishTime="03/15/2012 09:35:27" />
    <file relUrl="Views/CdnFile/HotFileList.cshtml" publishTime="04/11/2013 17:43:55" />
    <file relUrl="Content/themes/base/images/ui-bg_glass_65_ffffff_1x400.png" publishTime="03/15/2012 09:35:37" />
    <file relUrl="Content/jquery-ui.js" publishTime="03/15/2012 09:35:37" />
    <file relUrl="Content/images/logo_07.jpg" publishTime="03/15/2012 09:35:37" />
    <file relUrl="Content/images/login_16.gif" publishTime="03/15/2012 09:35:37" />
    <file relUrl="Content/helper/fenzhibfb.jpg" publishTime="03/15/2012 09:35:38" />
    <file relUrl="Content/images/button/btnout_bg_left.gif" publishTime="03/15/2012 09:35:38" />
    <file relUrl="Scripts/jqGrid/src/css/ellipsis-xbl.xml" publishTime="03/15/2012 09:35:27" />
    <file relUrl="Content/time-bg.png" publishTime="03/15/2012 09:35:37" />
    <file relUrl="Content/icons/cut.png" publishTime="03/15/2012 09:35:38" />
    <file relUrl="Scripts/jqGrid/src/css/images/ui-bg_glass_95_fef1ec_1x400.png" publishTime="03/15/2012 09:35:33" />
    <file relUrl="Content/icons/sum.png" publishTime="03/15/2012 09:35:38" />
    <file relUrl="Content/images/panel_tools.gif" publishTime="03/15/2012 09:35:37" />
    <file relUrl="Scripts/jqGrid/i18n/grid.locale-pt.js" publishTime="03/15/2012 09:35:33" />
    <file relUrl="Content/icons/blank.gif" publishTime="03/15/2012 09:35:38" />
    <file relUrl="Scripts/jqGrid/i18n/grid.locale-is.js" publishTime="03/15/2012 09:35:33" />
    <file relUrl="Content/images/hot_en.gif" publishTime="03/15/2012 09:35:37" />
    <file relUrl="Scripts/jqGrid/src/css/jquery-ui-1.8.2.custom.css" publishTime="03/15/2012 09:35:33" />
    <file relUrl="Scripts/jqGrid/src/css/images/ui-icons_f9bd01_256x240.png" publishTime="03/15/2012 09:35:33" />
    <file relUrl="Scripts/jqGrid/src/i18n/grid.locale-nl.js" publishTime="03/15/2012 09:35:27" />
    <file relUrl="Scripts/jqGrid/src/i18n/grid.locale-fr.js" publishTime="03/15/2012 09:35:27" />
    <file relUrl="Content/images/panel_tool_expand.gif" publishTime="03/15/2012 09:35:37" />
    <file relUrl="Scripts/jqGrid/src/i18n/grid.locale-it.js" publishTime="03/15/2012 09:35:27" />
    <file relUrl="Scripts/My97DatePicker/WdatePicker.js" publishTime="03/15/2012 09:35:27" />
    <file relUrl="Views/Helper/help_2.cshtml" publishTime="03/15/2012 09:35:27" />
    <file relUrl="images/text-bg.png" publishTime="03/15/2012 09:35:36" />
  </publishProfile>
</publishData>