﻿<?xml version="1.0" encoding="utf-8"?>
<publishData>
  <publishProfile publishUrl="E:\MyProject\系统发布\CdnWebMgr" deleteExistingFiles="True" ftpAnonymousLogin="False" ftpPassiveMode="True" msdeploySite="" msdeploySiteID="" msdeployRemoteSitePhysicalPath="" msdeployAllowUntrustedCertificate="False" msdeploySkipExtraFilesOnServer="True" msdeployMarkAsApp="False" profileName="config" publishMethod="FileSystem" replaceMatchingFiles="False" userName="" savePWD="False" userPWD="" SelectedForPublish="True">
    <file relUrl="Scripts/FileTreeAction.js" publishTime="10/08/2012 15:24:52" />
    <file relUrl="Content/images/accordion_collapse.png" publishTime="03/15/2012 10:49:47" />
    <file relUrl="Scripts/jqGrid/src/css/images/ui-icons_d8e7f3_256x240.png" publishTime="03/15/2012 10:49:44" />
    <file relUrl="Content/images/tabs_leftarrow.png" publishTime="03/15/2012 10:49:47" />
    <file relUrl="Content/images/lay_top.gif" publishTime="03/15/2012 10:49:47" />
    <file relUrl="bin/CDN_Web_Mgr.dll" publishTime="05/21/2013 09:32:04" />
    <file relUrl="Scripts/jqGrid/src/i18n/grid.locale-sv.js" publishTime="03/15/2012 10:49:44" />
    <file relUrl="Scripts/jqGrid/src/css/images/ui-bg_glass_85_dfeffc_1x400.png" publishTime="03/15/2012 10:49:44" />
    <file relUrl="Content/images/panel_loading.gif" publishTime="03/15/2012 10:49:47" />
    <file relUrl="Scripts/jqGrid/src/css/images/ui-bg_flat_55_fbec88_40x100.png" publishTime="03/15/2012 10:49:44" />
    <file relUrl="Scripts/My97DatePicker/WdatePicker.js" publishTime="03/15/2012 10:49:43" />
    <file relUrl="Content/images/combo_arrow.gif" publishTime="03/15/2012 10:49:47" />
    <file relUrl="Content/images/pagination_first.gif" publishTime="03/15/2012 10:49:47" />
    <file relUrl="Scripts/jqGrid/src/i18n/grid.locale-pt.js" publishTime="03/15/2012 10:49:44" />
    <file relUrl="Views/CdnWeb/HitList.cshtml" publishTime="03/15/2012 10:49:43" />
    <file relUrl="Web.config" publishTime="01/30/2013 11:55:06" />
    <file relUrl="Content/themes/base/images/ui-bg_highlight-soft_75_cccccc_1x100.png" publishTime="03/15/2012 10:49:47" />
    <file relUrl="Scripts/My97DatePicker/lang/en.js" publishTime="03/15/2012 10:49:43" />
    <file relUrl="Scripts/jqGrid/src/i18n/grid.locale-de.js" publishTime="03/15/2012 10:49:43" />
    <file relUrl="Scripts/jqGrid/src/i18n/grid.locale-he.js" publishTime="03/15/2012 10:49:43" />
    <file relUrl="Scripts/My97DatePicker/开发包/skin/whyGreen/bg.jpg" publishTime="03/15/2012 10:49:43" />
    <file relUrl="Scripts/jqGrid/src/css/ellipsis-xbl.xml" publishTime="03/15/2012 10:49:44" />
    <file relUrl="Scripts/jqGrid/src/i18n/grid.locale-dk.js" publishTime="03/15/2012 10:49:43" />
    <file relUrl="Scripts/jqGrid/i18n/grid.locale-fr.js" publishTime="03/15/2012 10:49:44" />
    <file relUrl="Views/CdnWeb/ClientList.cshtml" publishTime="01/30/2013 14:48:38" />
    <file relUrl="Scripts/My97DatePicker/My97DatePicker.htm" publishTime="03/15/2012 10:49:43" />
    <file relUrl="Scripts/jquery.validate.js" publishTime="03/15/2012 10:49:43" />
    <file relUrl="Scripts/DateDeal.js" publishTime="03/15/2012 10:49:43" />
    <file relUrl="Scripts/jqGrid/src/i18n/grid.locale-cn.js" publishTime="03/15/2012 10:49:43" />
    <file relUrl="Scripts/jqGrid/i18n/grid.locale-jp.js" publishTime="03/15/2012 10:49:44" />
    <file relUrl="Views/CdnWeb/CdnWebList.cshtml" publishTime="03/15/2012 10:49:43" />
    <file relUrl="Scripts/jqGrid/src/i18n/grid.locale-ja.js" publishTime="03/15/2012 10:49:42" />
    <file relUrl="Scripts/jqGrid/src/i18n/grid.locale-el.js" publishTime="03/15/2012 10:49:43" />
    <file relUrl="Content/images/messager_warning.gif" publishTime="03/15/2012 10:49:47" />
    <file relUrl="Scripts/jqGrid/src/css/images/ui-icons_f9bd01_256x240.png" publishTime="03/15/2012 10:49:44" />
    <file relUrl="Scripts/jqGrid/src/css/images/ui-bg_inset-hard_100_fcfdfd_1x100.png" publishTime="03/15/2012 10:49:44" />
    <file relUrl="Scripts/jqGrid/src/css/images/ui-bg_glass_95_fef1ec_1x400.png" publishTime="03/15/2012 10:49:44" />
    <file relUrl="Scripts/jqGrid/src/i18n/grid.locale-jp.js" publishTime="03/15/2012 10:49:43" />
    <file relUrl="Scripts/My97DatePicker/skin/default/img.gif" publishTime="03/15/2012 10:49:43" />
    <file relUrl="Scripts/jquery-ui.min.js" publishTime="03/15/2012 10:49:43" />
    <file relUrl="Scripts/jqGrid/src/css/ui.jqgrid.css" publishTime="03/15/2012 10:49:44" />
    <file relUrl="Scripts/jqGrid/src/css/images/ui-icons_2e83ff_256x240.png" publishTime="03/15/2012 10:49:44" />
    <file relUrl="Scripts/ReDrawChart.js" publishTime="01/15/2013 15:15:08" />
    <file relUrl="Scripts/FileTrafficRpt.js" publishTime="01/15/2013 15:19:22" />
    <file relUrl="Views/Shared/Error.cshtml" publishTime="03/15/2012 10:49:43" />
    <file relUrl="Content/images/datagrid_row_collapse.gif" publishTime="03/15/2012 10:49:47" />
    <file relUrl="Content/images/layout_button_down.gif" publishTime="03/15/2012 10:49:47" />
    <file relUrl="Scripts/MicrosoftAjax.js" publishTime="03/15/2012 10:49:43" />
    <file relUrl="Scripts/jqGrid/src/i18n/grid.locale-da.js" publishTime="03/15/2012 10:49:43" />
    <file relUrl="Views/Shared/_FileLayout.cshtml" publishTime="03/15/2012 10:49:43" />
    <file relUrl="Content/images/panel_tools.gif" publishTime="03/15/2012 10:49:47" />
    <file relUrl="Content/images/datagrid_header_bg.gif" publishTime="03/15/2012 10:49:47" />
    <file relUrl="Scripts/jqGrid/i18n/grid.locale-tr.js" publishTime="03/15/2012 10:49:44" />
    <file relUrl="Scripts/WebTreeAction.js" publishTime="10/08/2012 15:12:59" />
    <file relUrl="Content/themes/base/images/ui-icons_2e83ff_256x240.png" publishTime="03/15/2012 10:49:47" />
    <file relUrl="Scripts/My97DatePicker/开发包/lang/en.js" publishTime="03/15/2012 10:49:43" />
    <file relUrl="Scripts/jqGrid/src/i18n/grid.locale-hu.js" publishTime="03/15/2012 10:49:43" />
    <file relUrl="Scripts/jqGrid/src/grid.celledit.js" publishTime="03/15/2012 10:49:43" />
    <file relUrl="Content/images/messager_info.gif" publishTime="03/15/2012 10:49:47" />
    <file relUrl="Content/images/menu_rightarrow.png" publishTime="03/15/2012 10:49:47" />
    <file relUrl="Content/images/panel_title.png" publishTime="03/15/2012 10:49:47" />
    <file relUrl="Scripts/jqGrid/src/grid.setcolumns.js" publishTime="03/15/2012 10:49:43" />
    <file relUrl="Content/themes/base/images/ui-bg_glass_55_fbf9ee_1x400.png" publishTime="03/15/2012 10:49:47" />
    <file relUrl="Scripts/Loading.js" publishTime="03/15/2012 10:49:43" />
    <file relUrl="Content/images/button_span_bg.gif" publishTime="03/15/2012 10:49:47" />
    <file relUrl="Content/themes/base/jquery-ui.css" publishTime="03/15/2012 10:49:47" />
    <file relUrl="Views/CdnWeb/TopTraffic0.cshtml" publishTime="11/01/2012 14:23:32" />
    <file relUrl="Scripts/My97DatePicker/skin/whyGreen/bg.jpg" publishTime="03/15/2012 10:49:43" />
    <file relUrl="Scripts/jqGrid/src/grid.common.js" publishTime="03/15/2012 10:49:43" />
    <file relUrl="Scripts/MicrosoftMvcAjax.debug.js" publishTime="03/15/2012 10:49:43" />
    <file relUrl="Scripts/jqGrid/i18n/grid.locale-he.js" publishTime="03/15/2012 10:49:44" />
    <file relUrl="Scripts/jqGrid/ui.multiselect.js" publishTime="03/15/2012 10:49:43" />
    <file relUrl="Scripts/jqGrid/i18n/grid.locale-el.js" publishTime="03/15/2012 10:49:44" />
    <file relUrl="Views/CdnWeb/ServerList.cshtml" publishTime="03/15/2012 10:49:43" />
    <file relUrl="Scripts/jqGrid/src/ui.multiselect.js" publishTime="03/15/2012 10:49:43" />
    <file relUrl="Scripts/My97DatePicker/skin/WdatePicker.css" publishTime="03/15/2012 10:49:43" />
    <file relUrl="Scripts/jquery-1.4.4-vsdoc.js" publishTime="03/15/2012 10:49:43" />
    <file relUrl="Views/CdnFile/OutTrafficSpan.cshtml" publishTime="03/15/2012 10:49:43" />
    <file relUrl="Scripts/MicrosoftMvcAjax.js" publishTime="03/15/2012 10:49:43" />
    <file relUrl="Content/images/accordion_expand.png" publishTime="03/15/2012 10:49:47" />
    <file relUrl="Content/images/layout_button_right.gif" publishTime="03/15/2012 10:49:47" />
    <file relUrl="Scripts/jqGrid/src/i18n/grid.locale-it.js" publishTime="03/15/2012 10:49:42" />
    <file relUrl="Content/images/calendar_prevmonth.gif" publishTime="03/15/2012 10:49:47" />
    <file relUrl="Scripts/jqGrid/jquery.tablednd.js" publishTime="03/15/2012 10:49:43" />
    <file relUrl="Content/images/header_bg.jpg" publishTime="03/15/2012 10:49:47" />
    <file relUrl="Scripts/jqGrid/src/i18n/grid.locale-no.js" publishTime="03/15/2012 10:49:44" />
    <file relUrl="Content/images/calendar_prevyear.gif" publishTime="03/15/2012 10:49:47" />
    <file relUrl="Scripts/My97DatePicker/开发包/lang/zh-cn.js" publishTime="03/15/2012 10:49:43" />
    <file relUrl="Content/images/datagrid_title_bg.png" publishTime="03/15/2012 10:49:47" />
    <file relUrl="Content/images/panel_tool_collapse.gif" publishTime="03/15/2012 10:49:47" />
    <file relUrl="Scripts/jqGrid/src/i18n/grid.locale-bg.js" publishTime="03/15/2012 10:49:43" />
    <file relUrl="Scripts/jquery-1.4.4.min.js" publishTime="03/15/2012 10:49:43" />
    <file relUrl="Global.asax" publishTime="03/15/2012 10:49:43" />
    <file relUrl="Scripts/jqGrid/src/grid.treegrid.js" publishTime="03/15/2012 10:49:43" />
    <file relUrl="Scripts/jqGrid/src/i18n/grid.locale-ua.js" publishTime="03/15/2012 10:49:44" />
    <file relUrl="Scripts/jqGrid/src/grid.grouping.js" publishTime="03/15/2012 10:49:43" />
    <file relUrl="Scripts/My97DatePicker/skin/datePicker.gif" publishTime="03/15/2012 10:49:43" />
    <file relUrl="Content/images/panel_tool_expand.gif" publishTime="03/15/2012 10:49:47" />
    <file relUrl="Scripts/MicrosoftMvcValidation.js" publishTime="03/15/2012 10:49:43" />
    <file relUrl="Scripts/jqGrid/i18n/grid.locale-ru.js" publishTime="03/15/2012 10:49:44" />
    <file relUrl="Scripts/jqGrid/src/css/images/ui-bg_flat_0_aaaaaa_40x100.png" publishTime="03/15/2012 10:49:44" />
    <file relUrl="Scripts/My97DatePicker/开发包/readme.txt" publishTime="03/15/2012 10:49:43" />
    <file relUrl="Scripts/jqGrid/i18n/grid.locale-pl.js" publishTime="03/15/2012 10:49:44" />
    <file relUrl="Scripts/jqGrid/src/i18n/grid.locale-fa.js" publishTime="03/15/2012 10:49:43" />
    <file relUrl="Scripts/My97DatePicker/开发包/skin/datePicker.gif" publishTime="03/15/2012 10:49:43" />
    <file relUrl="Scripts/jqGrid/src/jqModal.js" publishTime="03/15/2012 10:49:43" />
    <file relUrl="Scripts/jqGrid/i18n/grid.locale-fa.js" publishTime="03/15/2012 10:49:44" />
    <file relUrl="Scripts/jquery.unobtrusive-ajax.js" publishTime="03/15/2012 10:49:43" />
    <file relUrl="Content/images/calendar_nextyear.gif" publishTime="03/15/2012 10:49:47" />
    <file relUrl="Content/images/pagination_next.gif" publishTime="03/15/2012 10:49:46" />
    <file relUrl="Views/Shared/_IframeLayout.cshtml" publishTime="03/15/2012 10:49:43" />
    <file relUrl="Scripts/jqGrid/src/css/ui.multiselect.css" publishTime="03/15/2012 10:49:44" />
    <file relUrl="Scripts/jqGrid/src/css/images/ui-bg_gloss-wave_55_5c9ccc_500x100.png" publishTime="03/15/2012 10:49:44" />
    <file relUrl="Scripts/jqGrid/i18n/grid.locale-sv.js" publishTime="03/15/2012 10:49:44" />
    <file relUrl="Scripts/jqGrid/i18n/grid.locale-cat.js" publishTime="03/15/2012 10:49:44" />
    <file relUrl="Content/themes/base/images/ui-icons_222222_256x240.png" publishTime="03/15/2012 10:49:47" />
    <file relUrl="Views/CdnFile/ClientList.cshtml" publishTime="10/11/2012 17:29:22" />
    <file relUrl="Scripts/Index.js" publishTime="01/29/2013 14:37:26" />
    <file relUrl="Scripts/jqGrid/src/grid.loader.js" publishTime="03/15/2012 10:49:43" />
    <file relUrl="Scripts/jqGrid/src/css/images/ui-icons_cd0a0a_256x240.png" publishTime="03/15/2012 10:49:44" />
    <file relUrl="Views/Home/Login.cshtml" publishTime="03/15/2012 10:49:43" />
    <file relUrl="Scripts/jqGrid/src/css/images/ui-icons_217bc0_256x240.png" publishTime="03/15/2012 10:49:44" />
    <file relUrl="Views/Home/Logout.cshtml" publishTime="03/15/2012 10:49:43" />
    <file relUrl="Scripts/jquery.validate.unobtrusive.js" publishTime="03/15/2012 10:49:43" />
    <file relUrl="Content/images/pagination_loading.gif" publishTime="03/15/2012 10:49:47" />
    <file relUrl="Scripts/jquery.validate.unobtrusive.min.js" publishTime="03/15/2012 10:49:43" />
    <file relUrl="Scripts/jqGrid/src/jquery.searchFilter.js" publishTime="03/15/2012 10:49:43" />
    <file relUrl="Views/CdnFile/TopRpt.cshtml" publishTime="03/15/2012 10:49:43" />
    <file relUrl="Scripts/jqGrid/i18n/grid.locale-sp.js" publishTime="03/15/2012 10:49:44" />
    <file relUrl="Views/_ViewStart.cshtml" publishTime="03/15/2012 10:49:43" />
    <file relUrl="Scripts/My97DatePicker/lang/zh-tw.js" publishTime="03/15/2012 10:49:43" />
    <file relUrl="Views/CdnWeb/InSpanTraffic.cshtml" publishTime="03/15/2012 10:49:43" />
    <file relUrl="Scripts/My97DatePicker/开发包/skin/whyGreen/img.gif" publishTime="03/15/2012 10:49:43" />
    <file relUrl="Content/images/datagrid_sort_desc.gif" publishTime="03/15/2012 10:49:47" />
    <file relUrl="Scripts/jqGrid/src/i18n/grid.locale-pl.js" publishTime="03/15/2012 10:49:44" />
    <file relUrl="Content/images/pagination_last.gif" publishTime="03/15/2012 10:49:47" />
    <file relUrl="Scripts/jqGrid/src/i18n/grid.locale-es.js" publishTime="03/15/2012 10:49:43" />
    <file relUrl="Scripts/My97DatePicker/skin/whyGreen/img.gif" publishTime="03/15/2012 10:49:43" />
    <file relUrl="Scripts/jqGrid/src/grid.jqueryui.js" publishTime="03/15/2012 10:49:43" />
    <file relUrl="Scripts/My97DatePicker/开发包/skin/default/datepicker.css" publishTime="03/15/2012 10:49:43" />
    <file relUrl="Scripts/jqGrid/jquery-ui-1.8.2.custom.min.js" publishTime="03/15/2012 10:49:43" />
    <file relUrl="Scripts/jqGrid/i18n/grid.locale-pt-br.js" publishTime="03/15/2012 10:49:44" />
    <file relUrl="Scripts/jqGrid/i18n/grid.locale-pt.js" publishTime="03/15/2012 10:49:44" />
    <file relUrl="Views/Home/AllTrafficRpt.cshtml" publishTime="03/15/2012 10:49:43" />
    <file relUrl="Content/themes/base/images/ui-bg_glass_75_e6e6e6_1x400.png" publishTime="03/15/2012 10:49:47" />
    <file relUrl="Content/images/header_right.jpg" publishTime="03/15/2012 10:49:47" />
    <file relUrl="Scripts/jquery.validate-vsdoc.js" publishTime="03/15/2012 10:49:43" />
    <file relUrl="Scripts/themes/grid.js" publishTime="03/15/2012 10:49:43" />
    <file relUrl="Scripts/jqGrid/i18n/grid.locale-nl.js" publishTime="03/15/2012 10:49:44" />
    <file relUrl="Views/Shared/_ManageLayout.cshtml" publishTime="03/15/2012 10:49:43" />
    <file relUrl="Scripts/themes/dark-blue.js" publishTime="03/15/2012 10:49:43" />
    <file relUrl="Content/images/layout_button_left.gif" publishTime="03/15/2012 10:49:47" />
    <file relUrl="Content/themes/base/images/ui-bg_glass_95_fef1ec_1x400.png" publishTime="03/15/2012 10:49:47" />
    <file relUrl="Scripts/jqGrid/src/grid.inlinedit.js" publishTime="03/15/2012 10:49:43" />
    <file relUrl="Scripts/jqGrid/src/grid.formedit.js" publishTime="03/15/2012 10:49:43" />
    <file relUrl="Content/images/messager_question.gif" publishTime="03/15/2012 10:49:47" />
    <file relUrl="Scripts/jqGrid/src/i18n/grid.locale-cs.js" publishTime="03/15/2012 10:49:43" />
    <file relUrl="Scripts/jqGrid/i18n/grid.locale-de.js" publishTime="03/15/2012 10:49:44" />
    <file relUrl="Scripts/jqGrid/src/grid.base.js" publishTime="03/15/2012 10:49:43" />
    <file relUrl="Content/themes/base/images/ui-bg_glass_75_dadada_1x400.png" publishTime="03/15/2012 10:49:47" />
    <file relUrl="Views/CdnFile/TrafficRpt.cshtml" publishTime="01/15/2013 14:50:21" />
    <file relUrl="Views/CdnFile/FileList.cshtml" publishTime="07/09/2012 16:47:09" />
    <file relUrl="Scripts/My97DatePicker/开发包/skin/whyGreen/datepicker.css" publishTime="03/15/2012 10:49:43" />
    <file relUrl="Scripts/jqGrid/src/i18n/grid.locale-sp.js" publishTime="03/15/2012 10:49:44" />
    <file relUrl="Scripts/jqGrid/src/css/images/ui-anim_basic_16x16.gif" publishTime="03/15/2012 10:49:44" />
    <file relUrl="Scripts/jqGrid/i18n/grid.locale-en.js" publishTime="03/15/2012 10:49:44" />
    <file relUrl="Content/images/tabs_active.png" publishTime="03/15/2012 10:49:47" />
    <file relUrl="Scripts/jqGrid/i18n/grid.locale-cs.js" publishTime="03/15/2012 10:49:44" />
    <file relUrl="Scripts/jqGrid/i18n/grid.locale-ua.js" publishTime="03/15/2012 10:49:44" />
    <file relUrl="Scripts/TopRpt.js" publishTime="03/15/2012 10:49:43" />
    <file relUrl="Content/themes/base/images/ui-bg_glass_65_ffffff_1x400.png" publishTime="03/15/2012 10:49:47" />
    <file relUrl="Content/images/menu_sep.png" publishTime="03/15/2012 10:49:47" />
    <file relUrl="Scripts/My97DatePicker/lang/zh-cn.js" publishTime="03/15/2012 10:49:43" />
    <file relUrl="Scripts/jqGrid/src/i18n/grid.locale-ro.js" publishTime="03/15/2012 10:49:44" />
    <file relUrl="Content/images/spinner_arrow_up.gif" publishTime="03/15/2012 10:49:47" />
    <file relUrl="Scripts/jqGrid/i18n/grid.locale-ro.js" publishTime="03/15/2012 10:49:44" />
    <file relUrl="Views/Shared/_Layout.cshtml" publishTime="03/15/2012 10:49:43" />
    <file relUrl="Content/images/layout_button_up.gif" publishTime="03/15/2012 10:49:47" />
    <file relUrl="Content/images/button_a_bg.gif" publishTime="03/15/2012 10:49:47" />
    <file relUrl="Content/themes/base/images/ui-icons_cd0a0a_256x240.png" publishTime="03/15/2012 10:49:47" />
    <file relUrl="Content/images/datagrid_sort_asc.gif" publishTime="03/15/2012 10:49:47" />
    <file relUrl="Content/images/menu_split_downarrow.png" publishTime="03/15/2012 10:49:47" />
    <file relUrl="Scripts/jqGrid/src/css/images/ui-bg_inset-hard_100_f5f8f9_1x100.png" publishTime="03/15/2012 10:49:44" />
    <file relUrl="Scripts/My97DatePicker/skin/default/datepicker.css" publishTime="03/15/2012 10:49:43" />
    <file relUrl="Scripts/MicrosoftAjax.debug.js" publishTime="03/15/2012 10:49:43" />
    <file relUrl="Scripts/My97DatePicker/开发包/skin/default/img.gif" publishTime="03/15/2012 10:49:43" />
    <file relUrl="Scripts/jqGrid/src/i18n/grid.locale-nl.js" publishTime="03/15/2012 10:49:44" />
    <file relUrl="Content/images/datebox_arrow.png" publishTime="03/15/2012 10:49:47" />
    <file relUrl="Scripts/My97DatePicker/开发包/lang/zh-tw.js" publishTime="03/15/2012 10:49:43" />
    <file relUrl="Scripts/jqGrid/src/i18n/grid.locale-fi.js" publishTime="03/15/2012 10:49:43" />
    <file relUrl="Content/themes/base/images/ui-bg_flat_0_aaaaaa_40x100.png" publishTime="03/15/2012 10:49:47" />
    <file relUrl="Scripts/My97DatePicker/config.js" publishTime="03/15/2012 10:49:43" />
    <file relUrl="Content/images/menu_downarrow.png" publishTime="03/15/2012 10:49:47" />
    <file relUrl="Content/icon.css" publishTime="03/15/2012 10:49:46" />
    <file relUrl="GetUserListHandler.ashx" publishTime="03/15/2012 10:49:43" />
    <file relUrl="Content/images/menu.gif" publishTime="03/15/2012 10:49:47" />
    <file relUrl="Content/images/button_plain_hover.png" publishTime="03/15/2012 10:49:47" />
    <file relUrl="Scripts/jqGrid/src/i18n/grid.locale-fr.js" publishTime="03/15/2012 10:49:43" />
    <file relUrl="Scripts/jqGrid/src/i18n/grid.locale-en.js" publishTime="03/15/2012 10:49:43" />
    <file relUrl="Scripts/My97DatePicker/calendar.js" publishTime="03/15/2012 10:49:43" />
    <file relUrl="Scripts/jqGrid/src/i18n/grid.locale-tr.js" publishTime="03/15/2012 10:49:44" />
    <file relUrl="Content/images/messager_error.gif" publishTime="03/15/2012 10:49:47" />
    <file relUrl="Scripts/My97DatePicker/skin/whyGreen/datepicker.css" publishTime="03/15/2012 10:49:43" />
    <file relUrl="Scripts/jqGrid/src/css/images/ui-icons_6da8d5_256x240.png" publishTime="03/15/2012 10:49:44" />
    <file relUrl="Content/themes/base/images/ui-bg_flat_75_ffffff_40x100.png" publishTime="03/15/2012 10:49:47" />
    <file relUrl="Scripts/jqGrid/src/grid.postext.js" publishTime="03/15/2012 10:49:43" />
    <file relUrl="Scripts/highcharts.js" publishTime="03/15/2012 10:49:43" />
    <file relUrl="Scripts/jqGrid/src/i18n/grid.locale-cat.js" publishTime="03/15/2012 10:49:43" />
    <file relUrl="Views/CdnFile/Index.cshtml" publishTime="01/29/2013 14:53:17" />
    <file relUrl="Scripts/jqGrid/i18n/grid.locale-it.js" publishTime="03/15/2012 10:49:44" />
    <file relUrl="Content/themes/base/images/ui-icons_454545_256x240.png" publishTime="03/15/2012 10:49:47" />
    <file relUrl="Scripts/TopStream.js" publishTime="11/01/2012 11:49:30" />
    <file relUrl="bin/MySql.Data.dll" publishTime="03/15/2012 10:49:47" />
    <file relUrl="Scripts/jquery.easyui.min.js" publishTime="03/15/2012 10:49:43" />
    <file relUrl="Content/images/logo_07.jpg" publishTime="03/15/2012 10:49:47" />
    <file relUrl="Scripts/ServerListJs.js" publishTime="03/15/2012 10:49:43" />
    <file relUrl="bin/CDN_Web_Mgr.pdb" publishTime="05/21/2013 09:32:04" />
    <file relUrl="Scripts/themes/gray.js" publishTime="03/15/2012 10:49:43" />
    <file relUrl="Scripts/jqGrid/i18n/grid.locale-is.js" publishTime="03/15/2012 10:49:44" />
    <file relUrl="Scripts/jqGrid/jquery.jqGrid.min.js" publishTime="03/15/2012 10:49:43" />
    <file relUrl="Content/images/pagination_load.png" publishTime="03/15/2012 10:49:47" />
    <file relUrl="Scripts/jqGrid/jquery.layout.js" publishTime="03/15/2012 10:49:43" />
    <file relUrl="Scripts/jqGrid/src/css/images/ui-icons_469bdd_256x240.png" publishTime="03/15/2012 10:49:44" />
    <file relUrl="Views/CdnWeb/TrafficRpt.cshtml" publishTime="01/15/2013 14:48:18" />
    <file relUrl="Views/CdnWeb/SubClientList.cshtml" publishTime="01/30/2013 18:05:04" />
    <file relUrl="Scripts/jqGrid/src/i18n/grid.locale-bg1251.js" publishTime="03/15/2012 10:49:43" />
    <file relUrl="Content/images/tabs_rightarrow.png" publishTime="03/15/2012 10:49:47" />
    <file relUrl="Scripts/jqGrid/src/i18n/grid.locale-gl.js" publishTime="03/15/2012 10:49:43" />
    <file relUrl="Scripts/CheckAllTraffic.js" publishTime="03/15/2012 10:49:43" />
    <file relUrl="Content/images/ajax-loader.gif" publishTime="03/15/2012 10:49:47" />
    <file relUrl="Scripts/SysLogin.js" publishTime="03/15/2012 10:49:43" />
    <file relUrl="Scripts/My97DatePicker/开发包/skin/WdatePicker.css" publishTime="03/15/2012 10:49:43" />
    <file relUrl="Scripts/jqGrid/src/grid.tbltogrid.js" publishTime="03/15/2012 10:49:43" />
    <file relUrl="Content/images/calendar_nextmonth.gif" publishTime="03/15/2012 10:49:47" />
    <file relUrl="Scripts/jqGrid/i18n/grid.locale-bg.js" publishTime="03/15/2012 10:49:44" />
    <file relUrl="Scripts/jqGrid/src/JsonXml.js" publishTime="03/15/2012 10:49:43" />
    <file relUrl="Scripts/jqGrid/src/i18n/grid.locale-ru.js" publishTime="03/15/2012 10:49:44" />
    <file relUrl="Content/themes/base/images/ui-icons_888888_256x240.png" publishTime="03/15/2012 10:49:47" />
    <file relUrl="Scripts/jqGrid/i18n/grid.locale-no.js" publishTime="03/15/2012 10:49:44" />
    <file relUrl="Scripts/jquery-1.4.4.js" publishTime="03/15/2012 10:49:43" />
    <file relUrl="Views/Web.config" publishTime="03/15/2012 10:49:43" />
    <file relUrl="Views/Home/About.cshtml" publishTime="03/15/2012 10:49:43" />
    <file relUrl="Views/CdnWeb/Index.cshtml" publishTime="01/29/2013 14:53:02" />
    <file relUrl="Scripts/jqGrid/src/jqDnR.js" publishTime="03/15/2012 10:49:43" />
    <file relUrl="Content/Common.css" publishTime="01/29/2013 11:48:21" />
    <file relUrl="Scripts/jqGrid/i18n/grid.locale-dk.js" publishTime="03/15/2012 10:49:44" />
    <file relUrl="Content/images/spinner_arrow_down.gif" publishTime="03/15/2012 10:49:47" />
    <file relUrl="Scripts/jquery.unobtrusive-ajax.min.js" publishTime="03/15/2012 10:49:43" />
    <file relUrl="Scripts/jqGrid/src/grid.import.js" publishTime="03/15/2012 10:49:43" />
    <file relUrl="Views/CdnWeb/OutSpanTraffic.cshtml" publishTime="03/15/2012 10:49:43" />
    <file relUrl="Scripts/jqGrid/src/grid.custom.js" publishTime="03/15/2012 10:49:43" />
    <file relUrl="Content/images/lay_bottom.gif" publishTime="03/15/2012 10:49:47" />
    <file relUrl="Scripts/jqGrid/i18n/grid.locale-fi.js" publishTime="03/15/2012 10:49:44" />
    <file relUrl="Content/Site.css" publishTime="03/15/2012 10:49:46" />
    <file relUrl="Views/CdnWeb/TopTraffic.cshtml" publishTime="11/01/2012 15:02:54" />
    <file relUrl="Scripts/jqGrid/jquery.contextmenu.js" publishTime="03/15/2012 10:49:43" />
    <file relUrl="Scripts/jqGrid/i18n/grid.locale-bg1251.js" publishTime="03/15/2012 10:49:44" />
    <file relUrl="Scripts/jqGrid/src/i18n/grid.locale-pt-br.js" publishTime="03/15/2012 10:49:44" />
    <file relUrl="Scripts/jqGrid/src/css/jquery.searchFilter.css" publishTime="03/15/2012 10:49:44" />
    <file relUrl="Scripts/exporting.js" publishTime="03/15/2012 10:49:43" />
    <file relUrl="Scripts/jqGrid/src/i18n/grid.locale-sk.js" publishTime="03/15/2012 10:49:44" />
    <file relUrl="Content/images/datagrid_row_expand.gif" publishTime="03/15/2012 10:49:47" />
    <file relUrl="Scripts/jquery.validate.min.js" publishTime="03/15/2012 10:49:43" />
    <file relUrl="Scripts/jqGrid/src/css/jquery-ui-1.8.2.custom.css" publishTime="03/15/2012 10:49:44" />
    <file relUrl="Scripts/jqGrid/src/jquery.fmatter.js" publishTime="03/15/2012 10:49:43" />
    <file relUrl="Content/images/tabs_close.gif" publishTime="03/15/2012 10:49:47" />
    <file relUrl="Scripts/jqGrid/src/grid.subgrid.js" publishTime="03/15/2012 10:49:43" />
    <file relUrl="Scripts/jquery-ui.js" publishTime="03/15/2012 10:49:43" />
    <file relUrl="Scripts/themes/dark-green.js" publishTime="03/15/2012 10:49:43" />
    <file relUrl="Scripts/jqGrid/src/css/images/ui-bg_glass_75_d0e5f5_1x400.png" publishTime="03/15/2012 10:49:44" />
    <file relUrl="Content/images/pagination_prev.gif" publishTime="03/15/2012 10:49:46" />
    <file relUrl="Content/images/tabs_enabled.png" publishTime="03/15/2012 10:49:47" />
    <file relUrl="Scripts/jqGrid/tablednd.js" publishTime="03/15/2012 10:49:43" />
    <file relUrl="Scripts/jqGrid/jquery.min.js" publishTime="03/15/2012 10:49:43" />
    <file relUrl="Content/easyui.css" publishTime="03/15/2012 10:49:46" />
    <file relUrl="Scripts/MicrosoftMvcValidation.debug.js" publishTime="03/15/2012 10:49:43" />
    <file relUrl="Scripts/TrafficRpt.js" publishTime="05/13/2013 15:01:49" />
    <file relUrl="Scripts/jqGrid/src/i18n/grid.locale-is.js" publishTime="03/15/2012 10:49:43" />
    <file relUrl="Views/CdnFile/InTrafficSpan.cshtml" publishTime="03/15/2012 10:49:43" />
  </publishProfile>
</publishData>