﻿<?xml version="1.0" encoding="utf-8"?>
<publishData>
  <publishProfile publishUrl="E:\MyProject\系统发布\Pppoe" deleteExistingFiles="False" ftpAnonymousLogin="False" ftpPassiveMode="True" msdeploySite="" msdeploySiteID="" msdeployRemoteSitePhysicalPath="" msdeployAllowUntrustedCertificate="False" msdeploySkipExtraFilesOnServer="True" msdeployMarkAsApp="False" profileName="web" publishMethod="FileSystem" replaceMatchingFiles="True" userName="" savePWD="False" userPWD="" SelectedForPublish="True">
    <file relUrl="Content/images/ui-bg_inset-soft_95_fef1ec_1x100.png" publishTime="04/16/2012 09:42:02" />
    <file relUrl="Content/icons/pic14.gif" publishTime="04/16/2012 09:42:03" />
    <file relUrl="Content/icons/menumember.gif" publishTime="04/16/2012 09:42:03" />
    <file relUrl="Content/icons/pic15.gif" publishTime="04/16/2012 09:42:03" />
    <file relUrl="Content/icons/pic17.gif" publishTime="04/16/2012 09:42:03" />
    <file relUrl="Content/images/bt_bg.gif" publishTime="04/16/2012 09:42:03" />
    <file relUrl="Content/icons/pic7.gif" publishTime="04/16/2012 09:42:03" />
    <file relUrl="Scripts/jquery.tmpl.js" publishTime="04/16/2012 09:42:01" />
    <file relUrl="Scripts/groupList.js" publishTime="08/10/2012 17:17:44" />
    <file relUrl="Content/images/ui-bg_highlight-soft_75_cccccc_1x100.png" publishTime="04/16/2012 09:42:03" />
    <file relUrl="Content/images/main_14.gif" publishTime="04/16/2012 09:42:03" />
    <file relUrl="Content/images/system.gif" publishTime="04/16/2012 09:42:03" />
    <file relUrl="Content/images/openhand.cur" publishTime="04/16/2012 09:42:03" />
    <file relUrl="Content/icons/back.png" publishTime="04/16/2012 09:42:03" />
    <file relUrl="Views/Syslog/TaskList.cshtml" publishTime="04/16/2012 09:42:01" />
    <file relUrl="Scripts/My97DatePicker/WdatePicker.js" publishTime="04/16/2012 09:42:01" />
    <file relUrl="Content/icons/bullet.gif" publishTime="04/16/2012 09:42:03" />
    <file relUrl="Content/images/page_last.gif" publishTime="04/16/2012 09:42:03" />
    <file relUrl="Content/contacts.css" publishTime="04/16/2012 09:42:03" />
    <file relUrl="Content/icons/search.gif" publishTime="04/16/2012 09:42:03" />
    <file relUrl="Content/images/main_07.gif" publishTime="04/16/2012 09:42:03" />
    <file relUrl="Content/icons/yc.gif" publishTime="04/16/2012 09:42:03" />
    <file relUrl="Scripts/pppoeList.js" publishTime="04/16/2012 09:42:01" />
    <file relUrl="Content/icons/arr4.gif" publishTime="04/16/2012 09:42:03" />
    <file relUrl="Views/Client/ForbidClient.cshtml" publishTime="01/14/2013 11:21:09" />
    <file relUrl="Content/icons/pic8.gif" publishTime="04/16/2012 09:42:03" />
    <file relUrl="Scripts/My97DatePicker/skin/whyGreen/img.gif" publishTime="04/16/2012 09:42:01" />
    <file relUrl="Scripts/My97DatePicker/开发包/skin/default/img.gif" publishTime="04/16/2012 09:42:01" />
    <file relUrl="Scripts/My97DatePicker/My97DatePicker.htm" publishTime="04/16/2012 09:42:01" />
    <file relUrl="Scripts/jquery.hashchange.js" publishTime="04/16/2012 09:42:01" />
    <file relUrl="Content/icons/linkspic6.gif" publishTime="04/16/2012 09:42:03" />
    <file relUrl="Content/icons/pic11.gif" publishTime="04/16/2012 09:42:03" />
    <file relUrl="Content/icons/stop.gif" publishTime="04/16/2012 09:42:03" />
    <file relUrl="OpratelogHandler.ashx" publishTime="04/16/2012 09:42:01" />
    <file relUrl="Content/icons/pic13.gif" publishTime="04/16/2012 09:42:03" />
    <file relUrl="Content/icons/icon2_004.png" publishTime="04/16/2012 09:42:03" />
    <file relUrl="Views/Client/ClientInfo.cshtml" publishTime="08/16/2012 16:25:39" />
    <file relUrl="Views/Client/WillClient.cshtml" publishTime="12/06/2012 16:02:22" />
    <file relUrl="Content/login.css" publishTime="04/16/2012 09:42:03" />
    <file relUrl="Scripts/My97DatePicker/skin/default/img.gif" publishTime="04/16/2012 09:42:01" />
    <file relUrl="Content/icons/gtk-sadd.png" publishTime="04/16/2012 09:42:03" />
    <file relUrl="Scripts/jquery-ui.min.js" publishTime="04/16/2012 09:42:01" />
    <file relUrl="Content/icons/pic1.gif" publishTime="04/16/2012 09:42:03" />
    <file relUrl="Content/icons/help.png" publishTime="04/16/2012 09:42:03" />
    <file relUrl="Content/images/page_next.gif" publishTime="04/16/2012 09:42:03" />
    <file relUrl="Content/images/main_12.gif" publishTime="04/16/2012 09:42:03" />
    <file relUrl="Content/images/114.gif" publishTime="04/16/2012 09:42:03" />
    <file relUrl="Content/icons/arrl.gif" publishTime="04/16/2012 09:42:03" />
    <file relUrl="Content/icons/str.gif" publishTime="04/16/2012 09:42:03" />
    <file relUrl="bin/PPPOE_Client.pdb" publishTime="04/02/2013 14:24:51" />
    <file relUrl="Content/images/list_img.gif" publishTime="04/16/2012 09:42:03" />
    <file relUrl="Content/images/login_05.gif" publishTime="04/16/2012 09:42:03" />
    <file relUrl="Content/icons/imagedelete.gif" publishTime="04/16/2012 09:42:03" />
    <file relUrl="Scripts/My97DatePicker/开发包/lang/en.js" publishTime="04/16/2012 09:42:01" />
    <file relUrl="Scripts/themes/gray.js" publishTime="04/16/2012 09:42:01" />
    <file relUrl="Content/icons/menusearch.gif" publishTime="04/16/2012 09:42:03" />
    <file relUrl="Content/icons/pic19.gif" publishTime="04/16/2012 09:42:03" />
    <file relUrl="Content/icons/cancel.png" publishTime="04/16/2012 09:42:03" />
    <file relUrl="Scripts/login.js" publishTime="04/16/2012 09:42:01" />
    <file relUrl="Content/icons/set2.gif" publishTime="04/16/2012 09:42:03" />
    <file relUrl="Content/icons/pic25.gif" publishTime="04/16/2012 09:42:03" />
    <file relUrl="Content/icons/back.gif" publishTime="04/16/2012 09:42:03" />
    <file relUrl="Content/images/ui-bg_flat_0_aaaaaa_40x100.png" publishTime="04/16/2012 09:42:03" />
    <file relUrl="Scripts/My97DatePicker/skin/whyGreen/bg.jpg" publishTime="04/16/2012 09:42:01" />
    <file relUrl="Content/icons/pic18.gif" publishTime="04/16/2012 09:42:03" />
    <file relUrl="Content/icons/sum.png" publishTime="04/16/2012 09:42:03" />
    <file relUrl="Scripts/My97DatePicker/开发包/lang/zh-cn.js" publishTime="04/16/2012 09:42:01" />
    <file relUrl="Views/Shared/_DetailLayout.cshtml" publishTime="04/16/2012 09:42:01" />
    <file relUrl="Content/images/main_09.gif" publishTime="04/16/2012 09:42:03" />
    <file relUrl="Content/icons/blank.gif" publishTime="04/16/2012 09:42:03" />
    <file relUrl="Content/icons/reload.png" publishTime="04/16/2012 09:42:03" />
    <file relUrl="Scripts/My97DatePicker/skin/WdatePicker.css" publishTime="04/16/2012 09:42:01" />
    <file relUrl="Scripts/My97DatePicker/lang/zh-cn.js" publishTime="04/16/2012 09:42:01" />
    <file relUrl="Content/icons/icon-mail2.gif" publishTime="04/16/2012 09:42:03" />
    <file relUrl="Scripts/agentList.js" publishTime="07/23/2012 15:43:30" />
    <file relUrl="Content/icons/img_13.gif" publishTime="04/16/2012 09:42:03" />
    <file relUrl="Content/images/icons-sms.png" publishTime="04/16/2012 09:42:03" />
    <file relUrl="Content/icons/img_14.gif" publishTime="04/16/2012 09:42:03" />
    <file relUrl="Content/icons/user-info.gif" publishTime="04/16/2012 09:42:03" />
    <file relUrl="Content/icons/edit_add.png" publishTime="04/16/2012 09:42:03" />
    <file relUrl="Content/images/login_03.gif" publishTime="04/16/2012 09:42:03" />
    <file relUrl="Scripts/InPointList.js" publishTime="08/13/2012 16:11:06" />
    <file relUrl="Scripts/jquery-1.4.4.min.js" publishTime="04/16/2012 09:42:01" />
    <file relUrl="Views/_ViewStart.cshtml" publishTime="04/16/2012 09:42:01" />
    <file relUrl="Global.asax" publishTime="04/16/2012 09:42:01" />
    <file relUrl="Content/images/ui-bg_glass_55_fbf9ee_1x400.png" publishTime="04/16/2012 09:42:03" />
    <file relUrl="Content/icons/check-out_.gif" publishTime="04/16/2012 09:42:03" />
    <file relUrl="Scripts/My97DatePicker/skin/datePicker.gif" publishTime="04/16/2012 09:42:01" />
    <file relUrl="Content/icons/pic23.gif" publishTime="04/16/2012 09:42:03" />
    <file relUrl="Scripts/common.js" publishTime="04/16/2012 09:42:01" />
    <file relUrl="Content/images/ui-icons_cd0a0a_256x240.png" publishTime="04/16/2012 09:42:03" />
    <file relUrl="Scripts/adminList.js" publishTime="05/28/2012 15:00:54" />
    <file relUrl="Content/icons/image_(add)6.gif" publishTime="04/16/2012 09:42:03" />
    <file relUrl="Web.config" publishTime="04/07/2013 10:11:12" />
    <file relUrl="Content/images/ui-icons_454545_256x240.png" publishTime="04/16/2012 09:42:03" />
    <file relUrl="Views/SysMgr/Index.cshtml" publishTime="04/16/2012 09:42:01" />
    <file relUrl="Scripts/My97DatePicker/开发包/skin/datePicker.gif" publishTime="04/16/2012 09:42:01" />
    <file relUrl="Content/icons/g.gif" publishTime="04/16/2012 09:42:03" />
    <file relUrl="Content/images/go.gif" publishTime="04/16/2012 09:42:03" />
    <file relUrl="Content/images/ui-icons_888888_256x240.png" publishTime="04/16/2012 09:42:03" />
    <file relUrl="Content/icons/pic26.gif" publishTime="04/16/2012 09:42:03" />
    <file relUrl="Content/icons/delete_6.gif" publishTime="04/16/2012 09:42:03" />
    <file relUrl="Content/images/001.gif" publishTime="04/16/2012 09:42:03" />
    <file relUrl="Content/icons/report2_(add).gif" publishTime="04/16/2012 09:42:03" />
    <file relUrl="Content/icons/ok.gif" publishTime="04/16/2012 09:42:03" />
    <file relUrl="Scripts/My97DatePicker/config.js" publishTime="04/16/2012 09:42:01" />
    <file relUrl="Content/icons/pencil.png" publishTime="04/16/2012 09:42:03" />
    <file relUrl="Content/images/sz.gif" publishTime="04/16/2012 09:42:03" />
    <file relUrl="Content/icons/edit_remove.png" publishTime="04/16/2012 09:42:03" />
    <file relUrl="Content/icons/delete.gif" publishTime="04/16/2012 09:42:03" />
    <file relUrl="Scripts/My97DatePicker/开发包/skin/whyGreen/bg.jpg" publishTime="04/16/2012 09:42:01" />
    <file relUrl="Content/images/text-bg.png" publishTime="04/16/2012 09:42:03" />
    <file relUrl="Content/icons/redo.png" publishTime="04/16/2012 09:42:03" />
    <file relUrl="Content/icons/pic22.gif" publishTime="04/16/2012 09:42:03" />
    <file relUrl="Content/images/ui-bg_glass_65_ffffff_1x400.png" publishTime="04/16/2012 09:42:03" />
    <file relUrl="Views/Home/Login.cshtml" publishTime="04/16/2012 09:42:01" />
    <file relUrl="Content/images/login_16.gif" publishTime="04/16/2012 09:42:03" />
    <file relUrl="Content/icons/pic16.gif" publishTime="04/16/2012 09:42:03" />
    <file relUrl="Content/icons/arr3.gif" publishTime="04/16/2012 09:42:03" />
    <file relUrl="Content/images/loginout.gif" publishTime="04/16/2012 09:42:03" />
    <file relUrl="Content/images/user.gif" publishTime="04/16/2012 09:42:03" />
    <file relUrl="Content/images/close.gif" publishTime="04/16/2012 09:42:03" />
    <file relUrl="Content/icons/gw2.gif" publishTime="04/16/2012 09:42:03" />
    <file relUrl="Scripts/My97DatePicker/lang/zh-tw.js" publishTime="04/16/2012 09:42:01" />
    <file relUrl="Scripts/My97DatePicker/开发包/skin/whyGreen/img.gif" publishTime="04/16/2012 09:42:01" />
    <file relUrl="Content/icons/st.png" publishTime="04/16/2012 09:42:03" />
    <file relUrl="Views/Client/OnlineList.cshtml" publishTime="11/07/2012 16:22:09" />
    <file relUrl="Scripts/My97DatePicker/开发包/skin/whyGreen/datepicker.css" publishTime="04/16/2012 09:42:01" />
    <file relUrl="Content/icons/pic5.gif" publishTime="04/16/2012 09:42:03" />
    <file relUrl="Scripts/My97DatePicker/开发包/skin/default/datepicker.css" publishTime="04/16/2012 09:42:01" />
    <file relUrl="Content/icons/icon-demo.gif" publishTime="04/16/2012 09:42:03" />
    <file relUrl="Content/icons/icon2_089.png" publishTime="04/16/2012 09:42:03" />
    <file relUrl="Views/Shared/_ManageLayout.cshtml" publishTime="12/06/2012 15:53:28" />
    <file relUrl="Content/images/format.gif" publishTime="04/16/2012 09:42:03" />
    <file relUrl="Content/icons/file_dir.gif" publishTime="04/16/2012 09:42:03" />
    <file relUrl="Scripts/jquery.md5.js" publishTime="04/16/2012 09:42:01" />
    <file relUrl="Content/images/main_21.gif" publishTime="04/16/2012 09:42:03" />
    <file relUrl="Content/index.css" publishTime="04/16/2012 09:42:03" />
    <file relUrl="Views/Client/Index.cshtml" publishTime="04/16/2012 09:42:01" />
    <file relUrl="Views/Client/InPoint.cshtml" publishTime="08/13/2012 17:22:41" />
    <file relUrl="Views/Syslog/OprateList.cshtml" publishTime="10/30/2012 09:59:44" />
    <file relUrl="Scripts/themes/dark-blue.js" publishTime="04/16/2012 09:42:01" />
    <file relUrl="Views/Shared/Error.cshtml" publishTime="04/16/2012 09:42:01" />
    <file relUrl="Content/images/ui-icons_2e83ff_256x240.png" publishTime="04/16/2012 09:42:03" />
    <file relUrl="Content/icons/no.png" publishTime="04/16/2012 09:42:03" />
    <file relUrl="Content/icons/ok.png" publishTime="04/16/2012 09:42:03" />
    <file relUrl="Content/icons/icon-phone.gif" publishTime="04/16/2012 09:42:03" />
    <file relUrl="Views/Client/ClientList.cshtml" publishTime="04/07/2013 10:09:25" />
    <file relUrl="Content/icons/to.gif" publishTime="04/16/2012 09:42:03" />
    <file relUrl="Views/Syslog/GongdanList.cshtml" publishTime="04/16/2012 09:42:01" />
    <file relUrl="Content/icons/cut.png" publishTime="04/16/2012 09:42:03" />
    <file relUrl="Views/Client/Report.cshtml" publishTime="11/08/2012 14:23:58" />
    <file relUrl="Content/images/page_back_1.gif" publishTime="04/16/2012 09:42:03" />
    <file relUrl="Content/common.css" publishTime="04/16/2012 09:42:03" />
    <file relUrl="Scripts/highcharts.js" publishTime="04/16/2012 09:42:01" />
    <file relUrl="Content/images/ui-bg_glass_75_e6e6e6_1x400.png" publishTime="04/16/2012 09:42:03" />
    <file relUrl="Views/Client/FalseClient.cshtml" publishTime="04/19/2012 17:05:15" />
    <file relUrl="Scripts/tips.js" publishTime="04/16/2012 09:42:01" />
    <file relUrl="Views/SysMgr/AdminList.cshtml" publishTime="06/12/2012 17:06:47" />
    <file relUrl="Views/SysMgr/MealList.cshtml" publishTime="04/16/2012 09:42:01" />
    <file relUrl="Content/icons/edit.gif" publishTime="04/16/2012 09:42:03" />
    <file relUrl="Content/icons/undo.png" publishTime="04/16/2012 09:42:03" />
    <file relUrl="Content/images/083.gif" publishTime="04/16/2012 09:42:03" />
    <file relUrl="Views/Shared/_Layout.cshtml" publishTime="04/16/2012 09:42:01" />
    <file relUrl="Views/Web.config" publishTime="04/16/2012 09:42:01" />
    <file relUrl="Content/icons/index1_54.gif" publishTime="04/16/2012 09:42:03" />
    <file relUrl="Scripts/report.js" publishTime="10/31/2012 16:34:34" />
    <file relUrl="Views/Client/AgentList.cshtml" publishTime="05/31/2012 11:17:45" />
    <file relUrl="Scripts/My97DatePicker/skin/default/datepicker.css" publishTime="04/16/2012 09:42:01" />
    <file relUrl="Content/icons/st.gif" publishTime="04/16/2012 09:42:03" />
    <file relUrl="Content/images/login_18.gif" publishTime="04/16/2012 09:42:03" />
    <file relUrl="Content/icons/add.gif" publishTime="04/16/2012 09:42:03" />
    <file relUrl="Content/icons/pic6.gif" publishTime="04/16/2012 09:42:03" />
    <file relUrl="Scripts/My97DatePicker/开发包/lang/zh-tw.js" publishTime="04/16/2012 09:42:01" />
    <file relUrl="Content/icons/image_1.gif" publishTime="04/16/2012 09:42:03" />
    <file relUrl="Scripts/My97DatePicker/calendar.js" publishTime="04/16/2012 09:42:01" />
    <file relUrl="Content/icons/close.gif" publishTime="04/16/2012 09:42:03" />
    <file relUrl="Scripts/falseClient.js" publishTime="04/16/2012 09:42:01" />
    <file relUrl="Content/icon.css" publishTime="04/16/2012 09:42:03" />
    <file relUrl="bin/MySql.Data.dll" publishTime="03/28/2012 09:27:31" />
    <file relUrl="Content/icons/pic24.gif" publishTime="04/16/2012 09:42:03" />
    <file relUrl="Content/icons/line2.jpg" publishTime="04/16/2012 09:42:03" />
    <file relUrl="Content/icons/linkspic3.gif" publishTime="04/16/2012 09:42:03" />
    <file relUrl="Content/images/ui-icons_222222_256x240.png" publishTime="04/16/2012 09:42:02" />
    <file relUrl="Content/icons/pic9.gif" publishTime="04/16/2012 09:42:03" />
    <file relUrl="Content/images/main_19.gif" publishTime="04/16/2012 09:42:03" />
    <file relUrl="Scripts/My97DatePicker/skin/whyGreen/datepicker.css" publishTime="04/16/2012 09:42:01" />
    <file relUrl="Content/images/main_bg.gif" publishTime="04/16/2012 09:42:03" />
    <file relUrl="Views/Client/GroupList.cshtml" publishTime="04/16/2012 09:42:01" />
    <file relUrl="Scripts/index.js" publishTime="04/16/2012 09:42:01" />
    <file relUrl="Content/icons/icon-login-seaver.gif" publishTime="04/16/2012 09:42:03" />
    <file relUrl="Content/images/main_10.gif" publishTime="04/16/2012 09:42:03" />
    <file relUrl="Content/icons/vie.gif" publishTime="04/16/2012 09:42:03" />
    <file relUrl="Content/icons/luck.gif" publishTime="04/16/2012 09:42:03" />
    <file relUrl="Content/icons/search.png" publishTime="04/16/2012 09:42:03" />
    <file relUrl="Content/images/login_11.gif" publishTime="04/16/2012 09:42:03" />
    <file relUrl="Content/images/main_02.jpg" publishTime="04/16/2012 09:42:03" />
    <file relUrl="Content/icons/arrr.gif" publishTime="04/16/2012 09:42:03" />
    <file relUrl="Content/icons/set.gif" publishTime="04/16/2012 09:42:03" />
    <file relUrl="Content/images/login_091.jpg" publishTime="04/16/2012 09:42:03" />
    <file relUrl="Scripts/themes/grid.js" publishTime="04/16/2012 09:42:01" />
    <file relUrl="Content/icons/database_import_.gif" publishTime="04/16/2012 09:42:03" />
    <file relUrl="Content/icons/sitebackup.gif" publishTime="04/16/2012 09:42:03" />
    <file relUrl="Content/icons/format.gif" publishTime="04/16/2012 09:42:03" />
    <file relUrl="Scripts/jquery.easydrag.js" publishTime="04/16/2012 09:42:01" />
    <file relUrl="Content/icons/X.gif" publishTime="04/16/2012 09:42:03" />
    <file relUrl="Content/icons/imageedit.gif" publishTime="04/16/2012 09:42:03" />
    <file relUrl="Scripts/My97DatePicker/开发包/skin/WdatePicker.css" publishTime="04/16/2012 09:42:01" />
    <file relUrl="Content/icons/yx.gif" publishTime="04/16/2012 09:42:03" />
    <file relUrl="Content/icons/pic21.gif" publishTime="04/16/2012 09:42:03" />
    <file relUrl="bin/PPPOE_Client.dll" publishTime="04/02/2013 14:24:51" />
    <file relUrl="Content/icons/title.gif" publishTime="04/16/2012 09:42:03" />
    <file relUrl="Content/icons/icon2_090.png" publishTime="04/16/2012 09:42:03" />
    <file relUrl="Views/SysMgr/PppoeList.cshtml" publishTime="05/28/2012 09:55:16" />
    <file relUrl="Content/images/page_first_1.gif" publishTime="04/16/2012 09:42:03" />
    <file relUrl="Scripts/onlineList.js" publishTime="11/07/2012 16:30:10" />
    <file relUrl="Scripts/cookie.js" publishTime="04/16/2012 09:42:01" />
    <file relUrl="Scripts/gongdanList.js" publishTime="04/16/2012 09:42:01" />
    <file relUrl="Scripts/clientList.js" publishTime="01/14/2013 11:30:46" />
    <file relUrl="Content/images/bg_alert_warn.gif" publishTime="04/16/2012 09:42:03" />
    <file relUrl="Content/icons/report2_(delete).gif" publishTime="04/16/2012 09:42:03" />
    <file relUrl="Content/images/ui-bg_glass_75_ffffff_1x400.png" publishTime="04/16/2012 09:42:03" />
    <file relUrl="Content/images/icons.png" publishTime="04/16/2012 09:42:03" />
    <file relUrl="Content/icons/filesave.png" publishTime="04/16/2012 09:42:03" />
    <file relUrl="Content/jquery-ui-1.8.18.css" publishTime="04/16/2012 09:42:03" />
    <file relUrl="Content/images/dialog-btn-bg.png" publishTime="04/16/2012 09:42:03" />
    <file relUrl="Content/images/main_04.gif" publishTime="04/16/2012 09:42:03" />
    <file relUrl="Content/icons/pic10.gif" publishTime="04/16/2012 09:42:03" />
    <file relUrl="Scripts/My97DatePicker/lang/en.js" publishTime="04/16/2012 09:42:01" />
    <file relUrl="Content/icons/ts.gif" publishTime="04/16/2012 09:42:03" />
    <file relUrl="Content/images/login_13.gif" publishTime="04/16/2012 09:42:03" />
    <file relUrl="Content/images/closedhand.cur" publishTime="04/16/2012 09:42:03" />
    <file relUrl="Scripts/exporting.js" publishTime="04/16/2012 09:42:01" />
    <file relUrl="Scripts/mealList.js" publishTime="04/16/2012 09:42:01" />
    <file relUrl="Content/icons/password.gif" publishTime="04/16/2012 09:42:03" />
    <file relUrl="Scripts/jquery.validate.min.js" publishTime="04/16/2012 09:42:01" />
    <file relUrl="Content/icons/addnews.gif" publishTime="04/16/2012 09:42:03" />
    <file relUrl="Scripts/ReDrawChart.js" publishTime="04/16/2012 09:42:01" />
    <file relUrl="Content/icons/pic12.gif" publishTime="04/16/2012 09:42:03" />
    <file relUrl="Content/icons/print.png" publishTime="04/16/2012 09:42:03" />
    <file relUrl="Scripts/themes/dark-green.js" publishTime="04/16/2012 09:42:01" />
    <file relUrl="Scripts/My97DatePicker/开发包/readme.txt" publishTime="04/16/2012 09:42:01" />
    <file relUrl="Content/icons/!.gif" publishTime="04/16/2012 09:42:03" />
    <file relUrl="Content/images/ui-bg_glass_75_dadada_1x400.png" publishTime="04/16/2012 09:42:03" />
    <file relUrl="Scripts/jquery.alert.js" publishTime="04/16/2012 09:42:01" />
    <file relUrl="Content/images/combobox.png" publishTime="04/16/2012 09:42:03" />
    <file relUrl="Content/icons/gw.gif" publishTime="04/16/2012 09:42:03" />
    <file relUrl="Views/Home/LogTimeOut.cshtml" publishTime="04/16/2012 09:42:01" />
  </publishProfile>
</publishData>