﻿<?xml version="1.0" encoding="utf-8"?>
<publishData>
  <publishProfile publishUrl="E:\MyProject\系统发布\DnsAdmin" deleteExistingFiles="True" ftpAnonymousLogin="False" ftpPassiveMode="True" msdeploySite="" msdeploySiteID="" msdeployRemoteSitePhysicalPath="" msdeployAllowUntrustedCertificate="False" msdeploySkipExtraFilesOnServer="True" msdeployMarkAsApp="False" profileName="config" publishMethod="FileSystem" replaceMatchingFiles="False" userName="" savePWD="False" userPWD="" SelectedForPublish="True">
    <file relUrl="Scripts/MicrosoftAjax.js" publishTime="04/05/2012 14:15:46" />
    <file relUrl="Content/images/accordion_collapse.png" publishTime="04/05/2012 14:15:47" />
    <file relUrl="Content/images/tabs_leftarrow.png" publishTime="04/05/2012 14:15:47" />
    <file relUrl="Content/images/lay_top.gif" publishTime="04/05/2012 14:15:47" />
    <file relUrl="Content/images/main_14.gif" publishTime="04/09/2012 10:01:04" />
    <file relUrl="Content/images/panel_loading.gif" publishTime="04/05/2012 14:15:47" />
    <file relUrl="Views/Home/Search.cshtml" publishTime="05/10/2012 15:06:56" />
    <file relUrl="Content/images/datagrid_title_bg.png" publishTime="04/05/2012 14:15:47" />
    <file relUrl="Content/images/button/btnout_bg_right.gif" publishTime="04/05/2012 14:15:47" />
    <file relUrl="Content/images/pagination_first.gif" publishTime="04/05/2012 14:15:47" />
    <file relUrl="Content/images/index_new_13.jpg" publishTime="04/05/2012 14:15:47" />
    <file relUrl="Content/themes/base/images/ui-bg_highlight-soft_75_cccccc_1x100.png" publishTime="04/05/2012 14:15:47" />
    <file relUrl="Views/Web.config" publishTime="04/05/2012 14:15:46" />
    <file relUrl="Content/images/tabs_active.png" publishTime="04/05/2012 14:15:47" />
    <file relUrl="Scripts/jquery.validate.js" publishTime="04/05/2012 14:15:46" />
    <file relUrl="Content/images/messager_warning.gif" publishTime="04/05/2012 14:15:47" />
    <file relUrl="Views/Home/Index.cshtml" publishTime="04/24/2012 16:37:52" />
    <file relUrl="Scripts/jquery-ui.min.js" publishTime="04/05/2012 14:15:46" />
    <file relUrl="Content/images/button/btnover_bg_right.gif" publishTime="04/05/2012 14:15:47" />
    <file relUrl="Content/icons/help.png" publishTime="04/05/2012 14:15:47" />
    <file relUrl="Content/images/main_12.gif" publishTime="04/09/2012 10:01:04" />
    <file relUrl="Views/Shared/Error.cshtml" publishTime="04/05/2012 14:15:46" />
    <file relUrl="Content/images/datagrid_row_collapse.gif" publishTime="04/05/2012 14:15:47" />
    <file relUrl="Content/images/layout_button_down.gif" publishTime="04/05/2012 14:15:47" />
    <file relUrl="Content/images/dropdown_hover.png" publishTime="04/05/2012 14:15:47" />
    <file relUrl="Content/images/login_16.gif" publishTime="04/06/2012 14:43:16" />
    <file relUrl="Scripts/MicrosoftAjax.debug.js" publishTime="04/05/2012 14:15:46" />
    <file relUrl="Content/images/index_new_11.jpg" publishTime="04/05/2012 14:15:47" />
    <file relUrl="Content/images/main_19.gif" publishTime="04/09/2012 10:01:04" />
    <file relUrl="Content/images/menu_sep.png" publishTime="04/05/2012 14:15:47" />
    <file relUrl="Content/images/login_05.gif" publishTime="04/06/2012 14:43:16" />
    <file relUrl="Content/images/messager_info.gif" publishTime="04/05/2012 14:15:47" />
    <file relUrl="Content/images/menu_rightarrow.png" publishTime="04/05/2012 14:15:47" />
    <file relUrl="Content/images/panel_title.png" publishTime="04/05/2012 14:15:47" />
    <file relUrl="Scripts/login.js" publishTime="04/24/2012 16:35:01" />
    <file relUrl="Content/themes/base/images/ui-bg_glass_55_fbf9ee_1x400.png" publishTime="04/05/2012 14:15:47" />
    <file relUrl="Scripts/Loading.js" publishTime="04/05/2012 14:15:46" />
    <file relUrl="Content/images/button_span_bg.gif" publishTime="04/05/2012 14:15:47" />
    <file relUrl="Content/themes/base/jquery-ui.css" publishTime="04/05/2012 14:15:47" />
    <file relUrl="Scripts/MicrosoftMvcAjax.debug.js" publishTime="04/05/2012 14:15:46" />
    <file relUrl="Content/icons/blank.gif" publishTime="04/05/2012 14:15:47" />
    <file relUrl="Content/icons/reload.png" publishTime="04/05/2012 14:15:47" />
    <file relUrl="Content/themes/base/images/ui-icons_2e83ff_256x240.png" publishTime="04/05/2012 14:15:47" />
    <file relUrl="Scripts/jquery-1.4.4-vsdoc.js" publishTime="04/05/2012 14:15:46" />
    <file relUrl="Scripts/MicrosoftMvcAjax.js" publishTime="04/05/2012 14:15:46" />
    <file relUrl="Content/images/accordion_expand.png" publishTime="04/05/2012 14:15:47" />
    <file relUrl="Content/images/combo_arrow.gif" publishTime="04/05/2012 14:15:47" />
    <file relUrl="Content/images/calendar_prevmonth.gif" publishTime="04/05/2012 14:15:47" />
    <file relUrl="Content/images/button/btnDsb_bg_right.gif" publishTime="04/05/2012 14:15:47" />
    <file relUrl="Content/images/calendar_prevyear.gif" publishTime="04/05/2012 14:15:47" />
    <file relUrl="Scripts/ui.core.js" publishTime="04/05/2012 14:15:46" />
    <file relUrl="Content/images/panel_tool_collapse.gif" publishTime="04/05/2012 14:15:47" />
    <file relUrl="Scripts/jquery.maskedinput.js" publishTime="04/05/2012 14:15:46" />
    <file relUrl="Scripts/jquery-1.4.4.min.js" publishTime="04/05/2012 14:15:46" />
    <file relUrl="Global.asax" publishTime="04/05/2012 14:15:46" />
    <file relUrl="Content/images/datebox_arrow.png" publishTime="04/05/2012 14:15:47" />
    <file relUrl="Scripts/common.js" publishTime="04/09/2012 10:42:35" />
    <file relUrl="Scripts/MicrosoftMvcValidation.js" publishTime="04/05/2012 14:15:46" />
    <file relUrl="Content/images/panel_tools.gif" publishTime="04/05/2012 14:15:47" />
    <file relUrl="Web.config" publishTime="04/24/2012 11:54:18" />
    <file relUrl="Content/icons/edit_add.png" publishTime="04/05/2012 14:15:47" />
    <file relUrl="Scripts/MicrosoftMvcValidation.debug.js" publishTime="04/05/2012 14:15:46" />
    <file relUrl="Content/images/button/btnover_bg_center.gif" publishTime="04/05/2012 14:15:47" />
    <file relUrl="Scripts/getMyTime.js" publishTime="04/09/2012 14:34:10" />
    <file relUrl="Content/images/button/btnDsb_bg_center.gif" publishTime="04/05/2012 14:15:47" />
    <file relUrl="Scripts/jquery.unobtrusive-ajax.js" publishTime="04/05/2012 14:15:46" />
    <file relUrl="Content/images/calendar_nextyear.gif" publishTime="04/05/2012 14:15:47" />
    <file relUrl="Content/images/main_02.jpg" publishTime="04/09/2012 10:57:20" />
    <file relUrl="Content/images/pagination_next.gif" publishTime="04/05/2012 14:15:47" />
    <file relUrl="Content/images/calendar_nextmonth.gif" publishTime="04/05/2012 14:15:47" />
    <file relUrl="Content/icons/pencil.png" publishTime="04/05/2012 14:15:47" />
    <file relUrl="Content/images/bt_bg.gif" publishTime="04/06/2012 14:43:16" />
    <file relUrl="Content/icons/edit_remove.png" publishTime="04/05/2012 14:15:47" />
    <file relUrl="Content/themes/base/images/ui-icons_222222_256x240.png" publishTime="04/05/2012 14:15:47" />
    <file relUrl="Scripts/ui.dropdownchecklist.js" publishTime="04/05/2012 14:15:46" />
    <file relUrl="Scripts/jquery.validate.unobtrusive.js" publishTime="04/05/2012 14:15:46" />
    <file relUrl="Content/images/pagination_loading.gif" publishTime="04/05/2012 14:15:47" />
    <file relUrl="Scripts/jquery.validate.unobtrusive.min.js" publishTime="04/05/2012 14:15:46" />
    <file relUrl="Content/images/loginout.gif" publishTime="04/09/2012 11:03:22" />
    <file relUrl="Content/images/head_other_03_cn.jpg" publishTime="04/05/2012 14:15:47" />
    <file relUrl="Content/images/close.gif" publishTime="04/09/2012 11:01:39" />
    <file relUrl="Views/_ViewStart.cshtml" publishTime="04/05/2012 14:15:46" />
    <file relUrl="Content/images/pagination_last.gif" publishTime="04/05/2012 14:15:47" />
    <file relUrl="Content/images/panel_tool_expand.gif" publishTime="04/05/2012 14:15:47" />
    <file relUrl="Views/Home/About.cshtml" publishTime="04/05/2012 14:15:46" />
    <file relUrl="Content/themes/base/images/ui-bg_glass_75_e6e6e6_1x400.png" publishTime="04/05/2012 14:15:47" />
    <file relUrl="Content/images/main_21.gif" publishTime="04/09/2012 10:01:04" />
    <file relUrl="Scripts/jquery.validate-vsdoc.js" publishTime="04/05/2012 14:15:46" />
    <file relUrl="Content/index.css" publishTime="04/09/2012 11:47:53" />
    <file relUrl="Content/images/index_new_04.jpg" publishTime="04/05/2012 14:15:47" />
    <file relUrl="Scripts/jquery.validate.min.js" publishTime="04/05/2012 14:15:46" />
    <file relUrl="Content/themes/base/images/ui-bg_glass_95_fef1ec_1x400.png" publishTime="04/05/2012 14:15:47" />
    <file relUrl="Views/Shared/_ManageLayout.cshtml" publishTime="04/09/2012 11:48:32" />
    <file relUrl="Scripts/DnsManage.js" publishTime="06/08/2012 16:54:47" />
    <file relUrl="Content/images/layout_button_left.gif" publishTime="04/05/2012 14:15:47" />
    <file relUrl="Content/icons/sum.png" publishTime="04/05/2012 14:15:47" />
    <file relUrl="Content/icons/no.png" publishTime="04/05/2012 14:15:47" />
    <file relUrl="Content/icons/ok.png" publishTime="04/05/2012 14:15:47" />
    <file relUrl="Content/images/messager_question.gif" publishTime="04/05/2012 14:15:47" />
    <file relUrl="Content/icons/cancel.png" publishTime="04/05/2012 14:15:47" />
    <file relUrl="Content/themes/base/images/ui-bg_glass_75_dadada_1x400.png" publishTime="04/05/2012 14:15:47" />
    <file relUrl="Content/icons/cut.png" publishTime="04/05/2012 14:15:47" />
    <file relUrl="Content/icons/back.png" publishTime="04/05/2012 14:15:47" />
    <file relUrl="Content/images/button_plain_hover.png" publishTime="04/05/2012 14:15:47" />
    <file relUrl="Content/themes/base/images/ui-bg_glass_65_ffffff_1x400.png" publishTime="04/05/2012 14:15:47" />
    <file relUrl="Views/Home/副本 AreaSet.cshtml" publishTime="04/11/2012 09:13:28" />
    <file relUrl="Content/images/main_10.gif" publishTime="04/09/2012 10:01:04" />
    <file relUrl="Views/Home/AreaSet.cshtml" publishTime="05/09/2012 14:47:53" />
    <file relUrl="Content/images/spinner_arrow_up.gif" publishTime="04/05/2012 14:15:47" />
    <file relUrl="Content/icons/undo.png" publishTime="04/05/2012 14:15:47" />
    <file relUrl="bin/CDN_Admin.pdb" publishTime="01/09/2013 10:15:42" />
    <file relUrl="Views/Home/GetInfoErr.cshtml" publishTime="04/05/2012 14:15:46" />
    <file relUrl="Content/images/layout_button_up.gif" publishTime="04/05/2012 14:15:47" />
    <file relUrl="Content/images/button_a_bg.gif" publishTime="04/05/2012 14:15:47" />
    <file relUrl="Content/themes/base/images/ui-icons_cd0a0a_256x240.png" publishTime="04/05/2012 14:15:47" />
    <file relUrl="Content/images/datagrid_sort_asc.gif" publishTime="04/05/2012 14:15:47" />
    <file relUrl="Content/images/menu_split_downarrow.png" publishTime="04/05/2012 14:15:47" />
    <file relUrl="Content/images/login_18.gif" publishTime="04/06/2012 14:43:16" />
    <file relUrl="Content/themes/base/images/ui-bg_flat_0_aaaaaa_40x100.png" publishTime="04/05/2012 14:15:47" />
    <file relUrl="Content/images/datagrid_header_bg.gif" publishTime="04/05/2012 14:15:47" />
    <file relUrl="Content/images/menu_downarrow.png" publishTime="04/05/2012 14:15:47" />
    <file relUrl="Content/icon.css" publishTime="04/05/2012 14:15:47" />
    <file relUrl="Content/images/menu.gif" publishTime="04/05/2012 14:15:47" />
    <file relUrl="bin/MySql.Data.dll" publishTime="04/05/2012 14:15:47" />
    <file relUrl="Content/images/messager_error.gif" publishTime="04/05/2012 14:15:47" />
    <file relUrl="Content/themes/base/images/ui-bg_flat_75_ffffff_40x100.png" publishTime="04/05/2012 14:15:47" />
    <file relUrl="Content/images/main_bg.gif" publishTime="04/09/2012 10:01:04" />
    <file relUrl="Content/images/tabs_close.gif" publishTime="04/05/2012 14:15:47" />
    <file relUrl="Content/icons/redo.png" publishTime="04/05/2012 14:15:47" />
    <file relUrl="Content/themes/base/images/ui-icons_454545_256x240.png" publishTime="04/05/2012 14:15:47" />
    <file relUrl="Content/images/main_09.gif" publishTime="04/09/2012 10:01:04" />
    <file relUrl="Content/Site.css" publishTime="04/05/2012 14:15:47" />
    <file relUrl="Scripts/jquery.easyui.min.js" publishTime="04/05/2012 14:15:46" />
    <file relUrl="Content/images/logo_07.jpg" publishTime="04/05/2012 14:15:47" />
    <file relUrl="Views/Shared/_Layout.cshtml" publishTime="04/10/2012 09:22:10" />
    <file relUrl="Content/icons/search.png" publishTime="04/05/2012 14:15:47" />
    <file relUrl="Content/images/login_11.gif" publishTime="04/06/2012 14:43:16" />
    <file relUrl="Views/Home/AreaIP.cshtml" publishTime="05/10/2012 11:29:55" />
    <file relUrl="Content/images/pagination_load.png" publishTime="04/05/2012 14:15:47" />
    <file relUrl="Content/images/button/btnout_bg_center.gif" publishTime="04/05/2012 14:15:47" />
    <file relUrl="Content/images/login_091.jpg" publishTime="04/06/2012 14:55:25" />
    <file relUrl="bin/CDN_Admin.dll" publishTime="01/09/2013 10:15:43" />
    <file relUrl="Content/images/button/btnout_bg_left.gif" publishTime="04/05/2012 14:15:47" />
    <file relUrl="Content/images/datagrid_row_expand.gif" publishTime="04/05/2012 14:15:47" />
    <file relUrl="Content/images/tabs_rightarrow.png" publishTime="04/05/2012 14:15:47" />
    <file relUrl="Content/images/dropdown.png" publishTime="04/05/2012 14:15:47" />
    <file relUrl="Content/images/ajax-loader.gif" publishTime="04/05/2012 14:15:47" />
    <file relUrl="Content/images/pbar-ani.gif" publishTime="04/05/2012 14:15:47" />
    <file relUrl="Content/themes/base/images/ui-icons_888888_256x240.png" publishTime="04/05/2012 14:15:47" />
    <file relUrl="Content/icons/print.png" publishTime="04/05/2012 14:15:47" />
    <file relUrl="Content/images/datagrid_sort_desc.gif" publishTime="04/05/2012 14:15:47" />
    <file relUrl="Views/Home/dns_Mgr.cshtml" publishTime="01/09/2013 10:23:36" />
    <file relUrl="Content/images/spinner_arrow_down.gif" publishTime="04/05/2012 14:15:47" />
    <file relUrl="Content/images/login_13.gif" publishTime="04/06/2012 14:43:16" />
    <file relUrl="Content/icons/filesave.png" publishTime="04/05/2012 14:15:47" />
    <file relUrl="Content/images/lay_bottom.gif" publishTime="04/05/2012 14:15:47" />
    <file relUrl="Content/images/main_04.gif" publishTime="04/09/2012 10:01:04" />
    <file relUrl="Content/images/layout_button_right.gif" publishTime="04/05/2012 14:15:47" />
    <file relUrl="Content/images/button/btnDsb_bg_left.gif" publishTime="04/05/2012 14:15:47" />
    <file relUrl="Content/images/button/btnover_bg_left.gif" publishTime="04/05/2012 14:15:47" />
    <file relUrl="Content/images/main_07.gif" publishTime="04/09/2012 10:01:04" />
    <file relUrl="Scripts/jquery-ui.js" publishTime="04/05/2012 14:15:46" />
    <file relUrl="Scripts/jquery.unobtrusive-ajax.min.js" publishTime="04/05/2012 14:15:46" />
    <file relUrl="Content/images/pagination_prev.gif" publishTime="04/05/2012 14:15:47" />
    <file relUrl="Content/images/tabs_enabled.png" publishTime="04/05/2012 14:15:47" />
    <file relUrl="Content/login.css" publishTime="04/06/2012 15:28:08" />
    <file relUrl="Content/easyui.css" publishTime="04/05/2012 14:15:47" />
    <file relUrl="Scripts/jquery-1.4.4.js" publishTime="04/05/2012 14:15:46" />
    <file relUrl="Content/images/index_new_15.jpg" publishTime="04/05/2012 14:15:47" />
    <file relUrl="Views/Home/LogTimeOut.cshtml" publishTime="04/09/2012 11:51:48" />
  </publishProfile>
</publishData>