{
"list":
[
{"rid":0,"rmb":10,"present":"100送10"},
{"rid":1,"rmb":20,"present":"100送11"},
{"rid":2,"rmb":30,"present":"100送12"},
{"rid":3,"rmb":50,"present":"100送13"},
{"rid":4,"rmb":70,"present":"100送14"},
{"rid":5,"rmb":90,"present":"100送15"},
{"rid":6,"rmb":110,"present":"100送16"},
{"rid":7,"rmb":130,"present":"100送17"},
{"rid":8,"rmb":150,"present":"100送18"},
{"rid":9,"rmb":170,"present":"100送19"},
{"rid":10,"rmb":190,"present":"100送20"},
{"rid":11,"rmb":210,"present":"100送21"},
{"rid":12,"rmb":230,"present":"100送22"},
{"rid":13,"rmb":250,"present":"100送23"},
{"rid":14,"rmb":300,"present":"100送24"}
]
}