{"data": [{"dropicon": "\r", "yid": 0, "coin": 248, "mconfig": [100001], "name": "\u963f\u5361\u62c9\u7684\u8bd5\u70bc", "levelrequired": 0, "resourceid": 0, "scene": 1000, "dropid": 1, "priority": 0, "exp": 124, "icon": 5000, "quality": 1, "id": 1000, "desc": "\u6253\u8d25\u4f63\u5175\u5411\u963f\u5361\u62c9\u8bc1\u660e\u4f60\u7684\u5b9e\u529b"}, {"dropicon": "\r", "yid": 0, "coin": 266, "mconfig": [100002, 100002], "name": "\u5973\u6218\u58eb", "levelrequired": 0, "resourceid": 0, "scene": 1000, "dropid": 2, "priority": 0, "exp": 133, "icon": 5001, "quality": 1, "id": 1001, "desc": "\u7ee7\u7eed\u4e0b\u4e00\u6b65\u8bd5\u70bc\u2015\u2015\u51fb\u8d25\u5973\u6218\u58eb"}, {"dropicon": "\r", "yid": 0, "coin": 284, "mconfig": [100003, 100003], "name": "\u6311\u6218\u5b88\u536b", "levelrequired": 0, "resourceid": 0, "scene": 1000, "dropid": 3, "priority": 0, "exp": 142, "icon": 5002, "quality": 1, "id": 1002, "desc": "\u51fb\u8d25\u5b88\u536b\u8bc1\u660e\u4f60\u7684\u5b9e\u529b\u975e\u51e1"}, {"dropicon": "\r", "yid": 0, "coin": 302, "mconfig": [100003, 100003], "name": "\u91cd\u6574\u65d7\u9f13", "levelrequired": 0, "resourceid": 0, "scene": 1000, "dropid": 4, "priority": 0, "exp": 151, "icon": 5003, "quality": 1, "id": 1003, "desc": "\u5b88\u536b\u4eec\u5e0c\u671b\u5728\u8fdb\u884c\u4e00\u6b21\u8f83\u91cf"}, {"dropicon": "10150001\r", "yid": 0, "coin": 338, "mconfig": [100004, 100003, 100004], "name": "\u963f\u5361\u62c9", "levelrequired": 0, "resourceid": 0, "scene": 1000, "dropid": 6, "priority": 0, "exp": 169, "icon": 6000, "quality": 2, "id": 1004, "desc": "\u963f\u5361\u62c9\u4eb2\u81ea\u51fa\u624b\u8003\u9a8c\u4f60\u7684\u5b9e\u529b"}, {"dropicon": "\r", "yid": 0, "coin": 356, "mconfig": [110001, 110001, 110004], "name": "\u52a8\u4e71\u7684\u5e73\u539f", "levelrequired": 0, "resourceid": 0, "scene": 1000, "dropid": 7, "priority": 0, "exp": 178, "icon": 6010, "quality": 1, "id": 1005, "desc": "\u963f\u5361\u62c9\u5e0c\u671b\u4f60\u524d\u5f80\u4e00\u4e2a\u6d1e\u7a9f\u8c03\u67e5\uff0c\u534a\u8def\u88ab\u4f0f\u51fb"}, {"dropicon": "\r", "yid": 0, "coin": 374, "mconfig": [110002, 110002, 110005], "name": "\u82e6\u6218", "levelrequired": 0, "resourceid": 0, "scene": 1000, "dropid": 8, "priority": 0, "exp": 187, "icon": 5005, "quality": 1, "id": 1006, "desc": "\u906d\u5230\u5815\u843d\u9886\u4e3b\u7684\u88ad\u51fb\uff0c\u4e00\u756a\u82e6\u6218\u3002"}, {"dropicon": "\r", "yid": 0, "coin": 392, "mconfig": [110001, 110006, 110001], "name": "\u7a81\u56f4", "levelrequired": 0, "resourceid": 0, "scene": 1000, "dropid": 9, "priority": 0, "exp": 196, "icon": 5001, "quality": 1, "id": 1007, "desc": "\u6218\u51b5\u4e0d\u5229\uff0c\u8fdb\u884c\u7a81\u56f4"}, {"dropicon": "\r", "yid": 0, "coin": 410, "mconfig": [110006, 110007, 110008], "name": "\u9a9a\u6270\u4e0d\u65ad", "levelrequired": 0, "resourceid": 0, "scene": 1000, "dropid": 10, "priority": 0, "exp": 205, "icon": 5001, "quality": 1, "id": 1008, "desc": "\u5815\u843d\u7684\u751f\u7269\u4e0d\u65ad\u88ad\u6765"}, {"dropicon": "\r", "yid": 0, "coin": 428, "mconfig": [110007, 110007, 110007], "name": "\u6765\u52bf\u6c79\u6c79", "levelrequired": 0, "resourceid": 0, "scene": 1000, "dropid": 11, "priority": 0, "exp": 214, "icon": 5001, "quality": 1, "id": 1009, "desc": "\u66f4\u591a\u7684\u5815\u843d\u751f\u7269\u518d\u5411\u8fd9\u91cc\u805a\u96c6"}, {"dropicon": "\r", "yid": 0, "coin": 446, "mconfig": [110006, 110006, 110006], "name": "\u62b5\u8fbe\u6d1e\u7a9f", "levelrequired": 0, "resourceid": 0, "scene": 1000, "dropid": 12, "priority": 0, "exp": 223, "icon": 5001, "quality": 1, "id": 1010, "desc": "\u62b5\u8fbe\u6d1e\u7a9f\uff0c\u4f46\u8fd9\u91cc\u5df2\u88ab\u5815\u843d\u751f\u7269\u5360\u636e"}, {"dropicon": "\r", "yid": 0, "coin": 464, "mconfig": [110006, 110004, 110005], "name": "\u518d\u9047\u9886\u4e3b", "levelrequired": 0, "resourceid": 0, "scene": 1000, "dropid": 13, "priority": 0, "exp": 232, "icon": 5006, "quality": 2, "id": 1011, "desc": "\u518d\u6b21\u9047\u5230\u5815\u843d\u9886\u4e3b\u3002"}, {"dropicon": "\r", "yid": 0, "coin": 482, "mconfig": [120003, 120003, 120003], "name": "\u77f3\u69d0\u65f7\u91ce", "levelrequired": 0, "resourceid": 0, "scene": 1000, "dropid": 14, "priority": 0, "exp": 241, "icon": 5003, "quality": 1, "id": 1012, "desc": "\u524d\u5f80\u77f3\u69d0\u65f7\u91ce\u5bfb\u627e\u53db\u5f92"}, {"dropicon": "\r", "yid": 0, "coin": 500, "mconfig": [120001, 120002, 120002], "name": "\u654c\u4eba\u4e0d\u65ad", "levelrequired": 0, "resourceid": 0, "scene": 1000, "dropid": 15, "priority": 0, "exp": 250, "icon": 5001, "quality": 1, "id": 1013, "desc": "\u4e00\u8def\u4e0d\u505c\u7684\u6709\u654c\u4eba\u88ad\u6765"}, {"dropicon": "\r", "yid": 0, "coin": 518, "mconfig": [120005, 120006, 120006], "name": "\u524d\u8def\u832b\u832b", "levelrequired": 0, "resourceid": 0, "scene": 1000, "dropid": 16, "priority": 0, "exp": 259, "icon": 5007, "quality": 1, "id": 1014, "desc": "\u654c\u4eba\u7684\u5b9e\u529b\u8d8a\u6765\u8d8a\u5f3a"}, {"dropicon": "\r", "yid": 0, "coin": 536, "mconfig": [120004, 120001, 120007], "name": "\u5815\u843d\u5deb\u5e08", "levelrequired": 0, "resourceid": 0, "scene": 1000, "dropid": 17, "priority": 0, "exp": 268, "icon": 5007, "quality": 1, "id": 1015, "desc": "\u906d\u9047\u5b9e\u529b\u5f3a\u5927\u7684\u5815\u843d\u5deb\u5e08"}, {"dropicon": "\r", "yid": 0, "coin": 554, "mconfig": [120004, 120001, 120008], "name": "\u5815\u843d\u6cd5\u5e08", "levelrequired": 0, "resourceid": 0, "scene": 1000, "dropid": 18, "priority": 0, "exp": 277, "icon": 5001, "quality": 1, "id": 1016, "desc": "\u906d\u9047\u5b9e\u529b\u5f3a\u5927\u7684\u5815\u843d\u6cd5\u5e08"}, {"dropicon": "\r", "yid": 0, "coin": 572, "mconfig": [120005, 120002, 120009], "name": "\u6076\u9b54\u4e4d\u73b0", "levelrequired": 0, "resourceid": 0, "scene": 1000, "dropid": 19, "priority": 0, "exp": 286, "icon": 5007, "quality": 1, "id": 1017, "desc": "\u6765\u81ea\u5730\u72f1\u7684\u5c0f\u6076\u9b54\u53d1\u52a8\u4e86\u88ad\u51fb"}, {"dropicon": "\r", "yid": 0, "coin": 590, "mconfig": [120005, 120005, 120009, 120010], "name": "\u72fc\u72c8\u4e3a\u5978", "levelrequired": 0, "resourceid": 0, "scene": 1000, "dropid": 20, "priority": 0, "exp": 295, "icon": 5007, "quality": 1, "id": 1018, "desc": "\u55dc\u8840\u8005\u4e0e\u5c0f\u6076\u9b54\u8054\u624b\u88ad\u6765"}, {"dropicon": "10150003\r", "yid": 0, "coin": 608, "mconfig": [120005, 120009, 120010, 120011], "name": "\u9664\u6389\u53db\u5f92", "levelrequired": 0, "resourceid": 0, "scene": 1000, "dropid": 21, "priority": 0, "exp": 304, "icon": 5007, "quality": 2, "id": 1019, "desc": "\u9664\u6389\u53db\u5f92\u8840\u9e26"}, {"dropicon": "\r", "yid": 0, "coin": 626, "mconfig": [130002, 130002, 130002, 130002], "name": "\u65b0\u7684\u4efb\u52a1", "levelrequired": 0, "resourceid": 0, "scene": 1000, "dropid": 22, "priority": 0, "exp": 313, "icon": 5001, "quality": 1, "id": 1020, "desc": "\u53d7\u963f\u5361\u62c9\u4e4b\u8131\u53bb\u89e3\u6551\u51ef\u6069"}, {"dropicon": "\r", "yid": 0, "coin": 644, "mconfig": [130002, 130002, 130006, 130006], "name": "\u7a7f\u8d8a\u6d1e\u7a74", "levelrequired": 0, "resourceid": 0, "scene": 1000, "dropid": 23, "priority": 0, "exp": 322, "icon": 5001, "quality": 1, "id": 1021, "desc": "\u6309\u7167\u5730\u56fe\u6307\u5f15\u7a7f\u8d8a\u4e00\u4e2a\u6d1e\u7a74"}, {"dropicon": "\r", "yid": 0, "coin": 662, "mconfig": [130001, 130001, 130001, 130001], "name": "\u5e7d\u6697\u68ee\u6797", "levelrequired": 0, "resourceid": 0, "scene": 1000, "dropid": 24, "priority": 0, "exp": 331, "icon": 5001, "quality": 1, "id": 1022, "desc": "\u62b5\u8fbe\u5e7d\u6697\u68ee\u6797"}, {"dropicon": "\r", "yid": 0, "coin": 680, "mconfig": [130004, 130004, 130001, 130001], "name": "\u827e\u5c3c\u5f17\u65af", "levelrequired": 0, "resourceid": 0, "scene": 1000, "dropid": 25, "priority": 0, "exp": 340, "icon": 5007, "quality": 1, "id": 1023, "desc": "\u5bfb\u627e\u4e00\u9897\u53eb\u505a\u827e\u5c3c\u5f17\u65af\u7684\u5927\u6811"}, {"dropicon": "\r", "yid": 0, "coin": 698, "mconfig": [130004, 130004, 130001, 130001], "name": "\u5377\u8f74\u4e4b\u4e89", "levelrequired": 0, "resourceid": 0, "scene": 1000, "dropid": 26, "priority": 0, "exp": 349, "icon": 5003, "quality": 1, "id": 1024, "desc": "\u53d1\u73b0\u4e00\u4e2a\u5377\u8f74\uff0c\u5815\u843d\u8005\u524d\u6765\u62a2\u593a"}, {"dropicon": "\r", "yid": 0, "coin": 716, "mconfig": [130004, 130004, 130002, 130002], "name": "\u5bfb\u627e\u77f3\u67f1", "levelrequired": 0, "resourceid": 0, "scene": 1000, "dropid": 27, "priority": 0, "exp": 358, "icon": 5000, "quality": 1, "id": 1025, "desc": "\u6309\u7167\u5377\u8f74\u6307\u5f15\u5bfb\u627e\u4e94\u6839\u77f3\u67f1"}, {"dropicon": "\r", "yid": 0, "coin": 734, "mconfig": [130006, 130006, 130006, 130006], "name": "\u6e05\u7406\u4f20\u9001\u95e8", "levelrequired": 0, "resourceid": 0, "scene": 1000, "dropid": 28, "priority": 0, "exp": 367, "icon": 5000, "quality": 1, "id": 1026, "desc": "\u53d1\u73b0\u4f20\u9001\u95e8\uff0c\u4f46\u9644\u8fd1\u6709\u5f88\u591a\u5815\u843d\u8005"}, {"dropicon": "\r", "yid": 0, "coin": 752, "mconfig": [130002, 130002, 130006, 130006], "name": "\u5d14\u65af\u7279\u62c9\u6bcd", "levelrequired": 0, "resourceid": 0, "scene": 1000, "dropid": 29, "priority": 0, "exp": 376, "icon": 5007, "quality": 1, "id": 1027, "desc": "\u62b5\u8fbe\u5d14\u65af\u7279\u62c9\u59c6"}, {"dropicon": "\r", "yid": 0, "coin": 770, "mconfig": [130005, 130005, 130006, 130006], "name": "\u89e3\u6551\u51ef\u6069", "levelrequired": 0, "resourceid": 0, "scene": 1000, "dropid": 30, "priority": 0, "exp": 385, "icon": 5001, "quality": 1, "id": 1028, "desc": "\u89e3\u6551\u88ab\u56da\u7981\u7684\u51ef\u6069"}, {"dropicon": "10150009\r", "yid": 0, "coin": 788, "mconfig": [130005, 130005, 130007, 130006], "name": "\u51ef\u6069\u8bd5\u70bc", "levelrequired": 0, "resourceid": 0, "scene": 1000, "dropid": 31, "priority": 0, "exp": 394, "icon": 5007, "quality": 2, "id": 1029, "desc": "\u51ef\u6069\u60f3\u8981\u770b\u770b\u4f60\u7684\u6f5c\u529b"}, {"dropicon": "\r", "yid": 0, "coin": 806, "mconfig": [140001, 140001, 140001, 140002], "name": "\u88ab\u9057\u5fd8\u7684\u9ad8\u5854 ", "levelrequired": 0, "resourceid": 0, "scene": 1000, "dropid": 32, "priority": 0, "exp": 403, "icon": 5009, "quality": 1, "id": 1030, "desc": "\u6839\u636e\u4e00\u672c\u53e4\u4e66\u7684\u6307\u5f15\u6765\u5230\u4e00\u5ea7\u795e\u79d8\u7684\u9ad8\u5854"}, {"dropicon": "\r", "yid": 0, "coin": 824, "mconfig": [140002, 140002, 140002, 140007], "name": "\u7b2c\u4e8c\u5c42", "levelrequired": 0, "resourceid": 0, "scene": 1000, "dropid": 33, "priority": 0, "exp": 412, "icon": 6037, "quality": 1, "id": 1031, "desc": "\u6765\u5230\u9ad8\u5854\u7b2c\u4e8c\u5c42"}, {"dropicon": "\r", "yid": 0, "coin": 842, "mconfig": [140001, 140001, 140001, 140007], "name": "\u7b2c\u4e09\u5c42", "levelrequired": 0, "resourceid": 0, "scene": 1000, "dropid": 34, "priority": 0, "exp": 421, "icon": 5001, "quality": 1, "id": 1032, "desc": "\u4e00\u8def\u6740\u5230\u7b2c\u4e09\u5c42"}, {"dropicon": "\r", "yid": 0, "coin": 860, "mconfig": [140001, 140008, 140001, 140007], "name": "\u7b2c\u56db\u5c42", "levelrequired": 0, "resourceid": 0, "scene": 1000, "dropid": 35, "priority": 0, "exp": 430, "icon": 5002, "quality": 1, "id": 1033, "desc": "\u62b5\u8fbe\u7b2c\u56db\u5c42\uff0c\u4f3c\u4e4e\u80dc\u5229\u5728\u671b"}, {"dropicon": "\r", "yid": 0, "coin": 878, "mconfig": [140004, 140004, 140004, 140008], "name": "\u7b2c\u4e94\u5c42", "levelrequired": 0, "resourceid": 0, "scene": 1000, "dropid": 36, "priority": 0, "exp": 439, "icon": 5003, "quality": 1, "id": 1034, "desc": "\u5347\u5230\u7b2c\u4e94\u5c42\uff0c\u51fb\u8d25\u5973\u4f2f\u7235"}, {"dropicon": "\r", "yid": 0, "coin": 896, "mconfig": [140004, 140004, 140004, 140008], "name": "\u8be1\u5f02\u955c\u50cf", "levelrequired": 0, "resourceid": 0, "scene": 1000, "dropid": 37, "priority": 0, "exp": 448, "icon": 5007, "quality": 1, "id": 1035, "desc": "\u5973\u4f2f\u7235\u518d\u6b21\u51fa\u73b0\uff0c\u539f\u6765\u524d\u9762\u51fb\u6740\u7684\u53ea\u662f\u4e2a\u955c\u50cf"}, {"dropicon": "\r", "yid": 0, "coin": 914, "mconfig": [140005, 140005, 140005, 140009], "name": "\u5973\u4f2f\u7235", "levelrequired": 0, "resourceid": 0, "scene": 1000, "dropid": 38, "priority": 0, "exp": 457, "icon": 5007, "quality": 1, "id": 1036, "desc": "\u53c8\u662f\u955c\u50cf\uff0c\u8fd9\u6b21\u51fa\u73b0\u7684\u4f3c\u4e4e\u624d\u662f\u771f\u6b63\u7684\u5973\u4f2f\u7235"}, {"dropicon": "\r", "yid": 0, "coin": 932, "mconfig": [140011, 140011, 140011, 140014], "name": "\u4e3a\u4e86\u9b54\u6cd5\u6b66\u5668", "levelrequired": 0, "resourceid": 0, "scene": 1000, "dropid": 39, "priority": 0, "exp": 466, "icon": 5003, "quality": 1, "id": 1037, "desc": "\u6070\u897f\u8ba9\u4f60\u53bb\u4fee\u9053\u9662\u627e\u6253\u9020\u9b54\u6cd5\u6b66\u5668\u7684\u9524\u5b50\uff0c\u8def\u8fc7\u9ed1\u8272\u8352\u5730"}, {"dropicon": "\r", "yid": 0, "coin": 950, "mconfig": [140015, 140015, 140015, 140016], "name": "\u4fee\u9053\u9662", "levelrequired": 0, "resourceid": 0, "scene": 1000, "dropid": 40, "priority": 0, "exp": 475, "icon": 5003, "quality": 1, "id": 1038, "desc": "\u62b5\u8fbe\u4fee\u9053\u9662\uff0c\u5f00\u59cb\u641c\u5bfb"}, {"dropicon": "10150014\r", "yid": 0, "coin": 968, "mconfig": [140015, 140015, 140015, 140017], "name": "\u75af\u72c2\u94c1\u5320", "levelrequired": 0, "resourceid": 0, "scene": 1000, "dropid": 41, "priority": 0, "exp": 484, "icon": 5001, "quality": 2, "id": 1039, "desc": "\u9524\u5b50\u88ab\u4e00\u4e2a\u75af\u72c2\u7684\u94c1\u5320\u5360\u6709\uff0c\u53ea\u80fd\u5c06\u5176\u51fb\u8d25"}, {"dropicon": "\r", "yid": 0, "coin": 986, "mconfig": [150002, 150002, 150003, 150003], "name": "\u518d\u4e34\u4fee\u9053\u9662", "levelrequired": 0, "resourceid": 0, "scene": 1000, "dropid": 42, "priority": 0, "exp": 493, "icon": 5007, "quality": 1, "id": 1040, "desc": "\u518d\u6b21\u6765\u5230\u4fee\u9053\u9662"}, {"dropicon": "\r", "yid": 0, "coin": 1004, "mconfig": [150004, 150004, 150003, 150003], "name": "\u6df1\u5165\u5730\u4e0b", "levelrequired": 0, "resourceid": 0, "scene": 1000, "dropid": 43, "priority": 0, "exp": 502, "icon": 5002, "quality": 1, "id": 1041, "desc": "\u5411\u5730\u4e0b\u63a2\u7d22"}, {"dropicon": "\r", "yid": 0, "coin": 1022, "mconfig": [150007, 150008, 150003, 150003], "name": "\u5b89\u8fbe\u5229\u5c14\u5de2\u7a74", "levelrequired": 0, "resourceid": 0, "scene": 1000, "dropid": 44, "priority": 0, "exp": 511, "icon": 5009, "quality": 1, "id": 1042, "desc": "\u62b5\u8fbe\u5b89\u8fbe\u5229\u5c14\u5de2\u7a74"}, {"dropicon": "10150018\r", "yid": 0, "coin": 1040, "mconfig": [150005, 150005, 150007, 150008, 150009], "name": "\u5b89\u8fbe\u5229\u5c14", "levelrequired": 0, "resourceid": 0, "scene": 1000, "dropid": 45, "priority": 0, "exp": 520, "icon": 6037, "quality": 2, "id": 1043, "desc": "\u51fb\u6740\u5b89\u8fbe\u5229\u5c14"}, {"dropicon": "\r", "yid": 0, "coin": 1058, "mconfig": [160001, 160005, 160005, 160005, 160009], "name": "\u4e0b\u6c34\u9053\u5165\u53e3", "levelrequired": 0, "resourceid": 0, "scene": 1000, "dropid": 46, "priority": 0, "exp": 529, "icon": 5007, "quality": 1, "id": 1044, "desc": "\u8fdb\u5165\u4e0b\u6c34\u9053\uff0c\u6e05\u9664\u5371\u5bb3\u57ce\u5e02\u7684\u602a\u7269"}, {"dropicon": "\r", "yid": 0, "coin": 1076, "mconfig": [160001, 160006, 160006, 160006, 160008], "name": "\u602a\u7269\u5de2\u7a74", "levelrequired": 0, "resourceid": 0, "scene": 1000, "dropid": 47, "priority": 0, "exp": 538, "icon": 6044, "quality": 1, "id": 1045, "desc": "\u6740\u5165\u7f57\u5fb7\u95e8\u7279\u7684\u5de2\u7a74"}, {"dropicon": "\r", "yid": 0, "coin": 1094, "mconfig": [160004, 160005, 160005, 160005, 160007], "name": "\u7f57\u5fb7\u95e8\u7279", "levelrequired": 0, "resourceid": 0, "scene": 1000, "dropid": 48, "priority": 0, "exp": 547, "icon": 5001, "quality": 2, "id": 1046, "desc": "\u51fb\u6740\u7f57\u5fb7\u95e8\u7279"}, {"dropicon": "\r", "yid": 0, "coin": 1112, "mconfig": [170002, 170002, 170002, 170007, 170002], "name": "\u6cd5\u6756\u4f20\u627f", "levelrequired": 0, "resourceid": 0, "scene": 1000, "dropid": 49, "priority": 0, "exp": 556, "icon": 5002, "quality": 1, "id": 1047, "desc": "\u5bfb\u627e\u8d6b\u62c9\u8fea\u514b\u7684\u77f3\u76d2"}, {"dropicon": "\r", "yid": 0, "coin": 1130, "mconfig": [170002, 170002, 170008, 170007, 170009], "name": "\u8fdc\u65b9\u7684\u7eff\u6d32", "levelrequired": 0, "resourceid": 0, "scene": 1000, "dropid": 50, "priority": 0, "exp": 565, "icon": 5009, "quality": 1, "id": 1048, "desc": "\u5bfb\u627e\u8d6b\u62c9\u8fea\u514b\u6cd5\u6756\u7684\u4e0b\u90e8"}, {"dropicon": "10150001\r", "yid": 0, "coin": 1148, "mconfig": [170006, 170006, 170008, 170007, 170009], "name": "\u86c7\u722a\u795e\u6bbf", "levelrequired": 0, "resourceid": 0, "scene": 1000, "dropid": 51, "priority": 0, "exp": 574, "icon": 5009, "quality": 2, "id": 1049, "desc": "\u5bfb\u627e\u8d6b\u62c9\u8fea\u514b\u6cd5\u6756\u7684\u4e0a\u90e8"}, {"dropicon": "\r", "yid": 0, "coin": 1166, "mconfig": [180002, 180002, 180002, 180002, 180002], "name": "\u56fd\u738b\u8bd5\u70bc", "levelrequired": 0, "resourceid": 0, "scene": 1000, "dropid": 52, "priority": 0, "exp": 583, "icon": 5002, "quality": 1, "id": 1050, "desc": "\u56fd\u738b\u5b89\u6392\u7684\u8bd5\u70bc\uff0c\u6218\u4e2a\u75db\u5feb"}, {"dropicon": "\r", "yid": 0, "coin": 1184, "mconfig": [180002, 180002, 180008, 180002, 180007], "name": "\u907f\u96be\u6240", "levelrequired": 0, "resourceid": 0, "scene": 1000, "dropid": 53, "priority": 0, "exp": 592, "icon": 5009, "quality": 1, "id": 1051, "desc": "\u4e00\u8def\u6740\u5230\u907f\u96be\u6240\uff0c\u53d1\u73b0\u8d6b\u4f2f\u7279\u65e5\u8bb0"}, {"dropicon": "10150006\r", "yid": 0, "coin": 1202, "mconfig": [180006, 180006, 180006, 180008, 180009, 180007], "name": "\u53ec\u5524\u5e08", "levelrequired": 0, "resourceid": 0, "scene": 1000, "dropid": 54, "priority": 0, "exp": 601, "icon": 5002, "quality": 2, "id": 1052, "desc": "\u9664\u6389\u65e5\u8bb0\u63cf\u8ff0\u7684\u53ec\u5524\u5e08"}]}