<?xml version="1.0" encoding="UTF-8"?>
<root>
    <plists>
        <plist>hqz_mz.plist</plist>
        <plist>mrjtx.plist</plist>
        <plist>pjjtx.plist</plist>
        <plist>qbjtx.plist</plist>
        <plist>sdjxtx.plist</plist>
        <plist>sfzstx.plist</plist>
        <plist>sjsqltx.plist</plist>
    </plists>
    <animations>
        <animation>
            <name>hqz_tz</name>
            <delay>0.125</delay>
            <flipX>false</flipX>
            <flipY>false</flipY>
            <spriteFrame>0_01.png</spriteFrame>
            <spriteFrame>0_02.png</spriteFrame>
            <spriteFrame>0_03.png</spriteFrame>
        </animation>
        <animation>
            <name>hqz</name>
            <delay>0.125</delay>
            <flipX>false</flipX>
            <flipY>false</flipY>
            <spriteFrame>hqz_01.png</spriteFrame>
            <spriteFrame>hqz_02.png</spriteFrame>
            <spriteFrame>hqz_03.png</spriteFrame>
            <spriteFrame>hqz_04.png</spriteFrame>
            <spriteFrame>hqz_05.png</spriteFrame>
            <spriteFrame>hqz_06.png</spriteFrame>
            <spriteFrame>hqz_07.png</spriteFrame>
            <spriteFrame>hqz_08.png</spriteFrame>
        </animation>
        <animation>
            <name>mrj_tz</name>
            <delay>0.125</delay>
            <flipX>false</flipX>
            <flipY>false</flipY>
            <spriteFrame>mrj_mz_01.png</spriteFrame>
            <spriteFrame>mrj_mz_02.png</spriteFrame>
            <spriteFrame>mrj_mz_03.png</spriteFrame>
        </animation>
        <animation>
            <name>mrj</name>
            <delay>0.125</delay>
            <flipX>false</flipX>
            <flipY>false</flipY>
            <spriteFrame>mrj_01.png</spriteFrame>
            <spriteFrame>mrj_02.png</spriteFrame>
            <spriteFrame>mrj_03.png</spriteFrame>
            <spriteFrame>mrj_04.png</spriteFrame>
            <spriteFrame>mrj_05.png</spriteFrame>
            <spriteFrame>mrj_06.png</spriteFrame>
            <spriteFrame>mrj_07.png</spriteFrame>
            <spriteFrame>mrj_08.png</spriteFrame>
            <spriteFrame>mrj_09.png</spriteFrame>
        </animation>
        <animation>
            <name>pjj_tz</name>
            <delay>0.125</delay>
            <flipX>false</flipX>
            <flipY>false</flipY>
            <spriteFrame>pjj_tz.png</spriteFrame>
        </animation>
        <animation>
            <name>pjj</name>
            <delay>0.125</delay>
            <flipX>false</flipX>
            <flipY>false</flipY>
            <spriteFrame>pjj_01.png</spriteFrame>
            <spriteFrame>pjj_02.png</spriteFrame>
            <spriteFrame>pjj_03.png</spriteFrame>
            <spriteFrame>pjj_04.png</spriteFrame>
            <spriteFrame>pjj_05.png</spriteFrame>
            <spriteFrame>pjj_06.png</spriteFrame>
            <spriteFrame>pjj_07.png</spriteFrame>
            <spriteFrame>pjj_08.png</spriteFrame>
        </animation>
        <animation>
            <name>qbj_tz</name>
            <delay>0.125</delay>
            <flipX>false</flipX>
            <flipY>false</flipY>
            <spriteFrame>qbj_tz.png</spriteFrame>
        </animation>
        <animation>
            <name>qbj</name>
            <delay>0.125</delay>
            <flipX>false</flipX>
            <flipY>false</flipY>
            <spriteFrame>qbj_01.png</spriteFrame>
            <spriteFrame>qbj_02.png</spriteFrame>
            <spriteFrame>qbj_03.png</spriteFrame>
            <spriteFrame>qbj_04.png</spriteFrame>
            <spriteFrame>qbj_05.png</spriteFrame>
            <spriteFrame>qbj_06.png</spriteFrame>
            <spriteFrame>qbj_07.png</spriteFrame>
            <spriteFrame>qbj_08.png</spriteFrame>
        </animation>
        <animation>
            <name>sdjx_tz</name>
            <delay>0.125</delay>
            <flipX>false</flipX>
            <flipY>false</flipY>
            <spriteFrame>sdjx_tz.png</spriteFrame>
        </animation>
        <animation>
            <name>sdjx</name>
            <delay>0.125</delay>
            <flipX>false</flipX>
            <flipY>false</flipY>
            <spriteFrame>sdjx_01.png</spriteFrame>
            <spriteFrame>sdjx_02.png</spriteFrame>
            <spriteFrame>sdjx_03.png</spriteFrame>
            <spriteFrame>sdjx_04.png</spriteFrame>
            <spriteFrame>sdjx_05.png</spriteFrame>
            <spriteFrame>sdjx_06.png</spriteFrame>
            <spriteFrame>sdjx_07.png</spriteFrame>
        </animation>
        <animation>
            <name>sfzs_tz</name>
            <delay>0.125</delay>
            <flipX>false</flipX>
            <flipY>false</flipY>
            <spriteFrame>sfzs_01_01.png</spriteFrame>
            <spriteFrame>sfzs_01_02.png</spriteFrame>
            <spriteFrame>sfzs_01_03.png</spriteFrame>
        </animation>
        <animation>
            <name>sfzs</name>
            <delay>0.125</delay>
            <flipX>false</flipX>
            <flipY>false</flipY>
            <spriteFrame>sfzs_01.png</spriteFrame>
            <spriteFrame>sfzs_02.png</spriteFrame>
            <spriteFrame>sfzs_03.png</spriteFrame>
            <spriteFrame>sfzs_04.png</spriteFrame>
            <spriteFrame>sfzs_05.png</spriteFrame>
            <spriteFrame>sfzs_06.png</spriteFrame>
            <spriteFrame>sfzs_07.png</spriteFrame>
        </animation>
        <animation>
            <name>sjsql_tz</name>
            <delay>0.125</delay>
            <flipX>false</flipX>
            <flipY>false</flipY>
            <spriteFrame>sjsql_01_01.png</spriteFrame>
            <spriteFrame>sjsql_01_02.png</spriteFrame>
            <spriteFrame>sjsql_01_03.png</spriteFrame>
        </animation>
        <animation>
            <name>sjsql</name>
            <delay>0.125</delay>
            <flipX>false</flipX>
            <flipY>false</flipY>
            <spriteFrame>sjsql_01.png</spriteFrame>
            <spriteFrame>sjsql_02.png</spriteFrame>
            <spriteFrame>sjsql_03.png</spriteFrame>
            <spriteFrame>sjsql_04.png</spriteFrame>
            <spriteFrame>sjsql_05.png</spriteFrame>
            <spriteFrame>sjsql_06.png</spriteFrame>
            <spriteFrame>sjsql_07.png</spriteFrame>
            <spriteFrame>sjsql_08.png</spriteFrame>
            <spriteFrame>sjsql_09.png</spriteFrame>
        </animation>
    </animations>
</root>
