<data><row><skillId>100001</skillId><skillName>遇神诛神
</skillName><skillGroup>0</skillGroup><level>1</level><icon>0</icon><type>0</type><skillType>0</skillType><profession>9</profession><skillDescript>【群体增益】我方军队增加50%的暴击值两回合。
</skillDescript><weaponRequied>0</weaponRequied><releaseType>1</releaseType><levelRequired>1</levelRequired><itemRequired>20030061</itemRequired><itemCountRequired>1</itemCountRequired><levelUpMoney>0</levelUpMoney><releaseCD>0</releaseCD><distanceType>1</distanceType><rangeType>2</rangeType><attributeType>2</attributeType><targetType>1</targetType><expendPower>0</expendPower><expendHp>0</expendHp><effect>9101031</effect><releaseEffect>0</releaseEffect><bearEffect>599906</bearEffect><throwEffectId>599903</throwEffectId><aoeEffectId>0</aoeEffectId></row>
<row><skillId>100002</skillId><skillName>地利人和
</skillName><skillGroup>0</skillGroup><level>1</level><icon>0</icon><type>0</type><skillType>0</skillType><profession>6</profession><skillDescript>【群体增益】我方所有军队物理防御力提升50%。
</skillDescript><weaponRequied>0</weaponRequied><releaseType>1</releaseType><levelRequired>0</levelRequired><itemRequired>20030061</itemRequired><itemCountRequired>1</itemCountRequired><levelUpMoney>0</levelUpMoney><releaseCD>0</releaseCD><distanceType>1</distanceType><rangeType>2</rangeType><attributeType>2</attributeType><targetType>1</targetType><expendPower>0</expendPower><expendHp>0</expendHp><effect>9101031</effect><releaseEffect>0</releaseEffect><bearEffect>1000103</bearEffect><throwEffectId>0</throwEffectId><aoeEffectId>0</aoeEffectId></row>
<row><skillId>100003</skillId><skillName>太极八卦阵
</skillName><skillGroup>0</skillGroup><level>1</level><icon>0</icon><type>0</type><skillType>0</skillType><profession>6</profession><skillDescript>【群体增益】增加我方所有军队魔法防御值50%。
</skillDescript><weaponRequied>0</weaponRequied><releaseType>1</releaseType><levelRequired>0</levelRequired><itemRequired>20030061</itemRequired><itemCountRequired>1</itemCountRequired><levelUpMoney>0</levelUpMoney><releaseCD>0</releaseCD><distanceType>2</distanceType><rangeType>2</rangeType><attributeType>2</attributeType><targetType>1</targetType><expendPower>0</expendPower><expendHp>0</expendHp><effect>9101031</effect><releaseEffect>0</releaseEffect><bearEffect>0</bearEffect><throwEffectId>0</throwEffectId><aoeEffectId>0</aoeEffectId></row>
<row><skillId>100004</skillId><skillName>迷烟阵
</skillName><skillGroup>0</skillGroup><level>1</level><icon>0</icon><type>0</type><skillType>0</skillType><profession>6</profession><skillDescript>【群体增益】我方所有军队闪避值提升50%。
</skillDescript><weaponRequied>0</weaponRequied><releaseType>1</releaseType><levelRequired>0</levelRequired><itemRequired>20030061</itemRequired><itemCountRequired>1</itemCountRequired><levelUpMoney>0</levelUpMoney><releaseCD>0</releaseCD><distanceType>1</distanceType><rangeType>2</rangeType><attributeType>1</attributeType><targetType>1</targetType><expendPower>0</expendPower><expendHp>0</expendHp><effect>9101031</effect><releaseEffect>0</releaseEffect><bearEffect>1000303</bearEffect><throwEffectId>0</throwEffectId><aoeEffectId>0</aoeEffectId></row>
<row><skillId>100005</skillId><skillName>醒神计
</skillName><skillGroup>0</skillGroup><level>1</level><icon>0</icon><type>0</type><skillType>0</skillType><profession>6</profession><skillDescript>【持续增益】提升我方军队50%的物理攻击值。持续两回合。
</skillDescript><weaponRequied>0</weaponRequied><releaseType>1</releaseType><levelRequired>0</levelRequired><itemRequired>20030061</itemRequired><itemCountRequired>1</itemCountRequired><levelUpMoney>0</levelUpMoney><releaseCD>0</releaseCD><distanceType>1</distanceType><rangeType>2</rangeType><attributeType>1</attributeType><targetType>1</targetType><expendPower>0</expendPower><expendHp>0</expendHp><effect>9101031</effect><releaseEffect>0</releaseEffect><bearEffect>1000403</bearEffect><throwEffectId>0</throwEffectId><aoeEffectId>0</aoeEffectId></row>
<row><skillId>100006</skillId><skillName>偷袭
</skillName><skillGroup>0</skillGroup><level>1</level><icon>0</icon><type>0</type><skillType>0</skillType><profession>6</profession><skillDescript>【单体】造成敌方军队250%的物理伤害。
</skillDescript><weaponRequied>0</weaponRequied><releaseType>1</releaseType><levelRequired>0</levelRequired><itemRequired>20030061</itemRequired><itemCountRequired>1</itemCountRequired><levelUpMoney>0</levelUpMoney><releaseCD>0</releaseCD><distanceType>1</distanceType><rangeType>1</rangeType><attributeType>1</attributeType><targetType>3</targetType><expendPower>0</expendPower><expendHp>0</expendHp><effect>9101031</effect><releaseEffect>0</releaseEffect><bearEffect>1000503</bearEffect><throwEffectId>0</throwEffectId><aoeEffectId>0</aoeEffectId></row>
<row><skillId>100007</skillId><skillName>天公怒
</skillName><skillGroup>0</skillGroup><level>1</level><icon>0</icon><type>0</type><skillType>0</skillType><profession>6</profession><skillDescript>【单体】闪电击打，对敌方某军队造成250%的魔法伤害。
</skillDescript><weaponRequied>0</weaponRequied><releaseType>1</releaseType><levelRequired>0</levelRequired><itemRequired>20030061</itemRequired><itemCountRequired>1</itemCountRequired><levelUpMoney>0</levelUpMoney><releaseCD>0</releaseCD><distanceType>1</distanceType><rangeType>1</rangeType><attributeType>1</attributeType><targetType>3</targetType><expendPower>0</expendPower><expendHp>0</expendHp><effect>9101031</effect><releaseEffect>0</releaseEffect><bearEffect>1000603</bearEffect><throwEffectId>0</throwEffectId><aoeEffectId>0</aoeEffectId></row>
<row><skillId>100008</skillId><skillName>诈降计
</skillName><skillGroup>0</skillGroup><level>1</level><icon>0</icon><type>0</type><skillType>0</skillType><profession>6</profession><skillDescript>【单体】敌方某军队物理防御力下降80%。
</skillDescript><weaponRequied>0</weaponRequied><releaseType>1</releaseType><levelRequired>0</levelRequired><itemRequired>20030061</itemRequired><itemCountRequired>1</itemCountRequired><levelUpMoney>0</levelUpMoney><releaseCD>0</releaseCD><distanceType>1</distanceType><rangeType>1</rangeType><attributeType>1</attributeType><targetType>3</targetType><expendPower>0</expendPower><expendHp>0</expendHp><effect>9101031</effect><releaseEffect>0</releaseEffect><bearEffect>1000703</bearEffect><throwEffectId>0</throwEffectId><aoeEffectId>0</aoeEffectId></row>
<row><skillId>100009</skillId><skillName>劝降
</skillName><skillGroup>0</skillGroup><level>1</level><icon>0</icon><type>0</type><skillType>0</skillType><profession>6</profession><skillDescript>【单体】造成敌方某军队30%的血量损失。</skillDescript><weaponRequied>0</weaponRequied><releaseType>1</releaseType><levelRequired>0</levelRequired><itemRequired>20030061</itemRequired><itemCountRequired>1</itemCountRequired><levelUpMoney>0</levelUpMoney><releaseCD>0</releaseCD><distanceType>1</distanceType><rangeType>1</rangeType><attributeType>1</attributeType><targetType>3</targetType><expendPower>0</expendPower><expendHp>0</expendHp><effect>9101031</effect><releaseEffect>0</releaseEffect><bearEffect>1000803</bearEffect><throwEffectId>0</throwEffectId><aoeEffectId>0</aoeEffectId></row>
<row><skillId>100010</skillId><skillName>连弩
</skillName><skillGroup>1103</skillGroup><level>1</level><icon>120002</icon><type>120000</type><skillType>0</skillType><profession>1</profession><skillDescript>【单体】连续射出3支超强精制箭矢，对敌方某军队造成250%的物理伤害。
</skillDescript><weaponRequied>0</weaponRequied><releaseType>1</releaseType><levelRequired>6</levelRequired><itemRequired>20030061</itemRequired><itemCountRequired>1</itemCountRequired><levelUpMoney>0</levelUpMoney><releaseCD>0</releaseCD><distanceType>1</distanceType><rangeType>1</rangeType><attributeType>2</attributeType><targetType>3</targetType><expendPower>70</expendPower><expendHp>0</expendHp><effect>1104011</effect><releaseEffect>-1</releaseEffect><bearEffect>6601</bearEffect><throwEffectId>-1</throwEffectId><aoeEffectId>0</aoeEffectId></row>
<row><skillId>100011</skillId><skillName>双枪之伤
</skillName><skillGroup>1103</skillGroup><level>2</level><icon>120002</icon><type>120000</type><skillType>0</skillType><profession>1</profession><skillDescript>【竖排】造成敌方军队200%物理伤害，并附带20%的反伤状态。
</skillDescript><weaponRequied>0</weaponRequied><releaseType>1</releaseType><levelRequired>11</levelRequired><itemRequired>20030063</itemRequired><itemCountRequired>1</itemCountRequired><levelUpMoney>0</levelUpMoney><releaseCD>0</releaseCD><distanceType>1</distanceType><rangeType>4</rangeType><attributeType>2</attributeType><targetType>3</targetType><expendPower>70</expendPower><expendHp>0</expendHp><effect>1104021</effect><releaseEffect>-1</releaseEffect><bearEffect>6601</bearEffect><throwEffectId>-1</throwEffectId><aoeEffectId>0</aoeEffectId></row>
<row><skillId>100012</skillId><skillName>双镰之伤
</skillName><skillGroup>1103</skillGroup><level>3</level><icon>120002</icon><type>120000</type><skillType>0</skillType><profession>1</profession><skillDescript>【竖排】造成敌方军队120%物理伤害，并附带20%的反伤状态。
</skillDescript><weaponRequied>0</weaponRequied><releaseType>1</releaseType><levelRequired>20</levelRequired><itemRequired>20030065</itemRequired><itemCountRequired>1</itemCountRequired><levelUpMoney>0</levelUpMoney><releaseCD>0</releaseCD><distanceType>1</distanceType><rangeType>4</rangeType><attributeType>2</attributeType><targetType>3</targetType><expendPower>70</expendPower><expendHp>0</expendHp><effect>1104031</effect><releaseEffect>-1</releaseEffect><bearEffect>6601</bearEffect><throwEffectId>-1</throwEffectId><aoeEffectId>0</aoeEffectId></row>
<row><skillId>100013</skillId><skillName>双戟之伤
</skillName><skillGroup>1101</skillGroup><level>1</level><icon>120001</icon><type>120000</type><skillType>0</skillType><profession>1</profession><skillDescript>【竖排】造成敌方军队120%物理伤害，并附带20%的反伤状态。
</skillDescript><weaponRequied>0</weaponRequied><releaseType>1</releaseType><levelRequired>6</levelRequired><itemRequired>20030061</itemRequired><itemCountRequired>1</itemCountRequired><levelUpMoney>0</levelUpMoney><releaseCD>0</releaseCD><distanceType>2</distanceType><rangeType>4</rangeType><attributeType>2</attributeType><targetType>3</targetType><expendPower>70</expendPower><expendHp>0</expendHp><effect>1102011</effect><releaseEffect>-1</releaseEffect><bearEffect>6600</bearEffect><throwEffectId>-1</throwEffectId><aoeEffectId>0</aoeEffectId></row>
<row><skillId>100014</skillId><skillName>双斧之伤
</skillName><skillGroup>1101</skillGroup><level>2</level><icon>120001</icon><type>120000</type><skillType>0</skillType><profession>1</profession><skillDescript>【竖排】造成敌方军队120%物理伤害，并附带20%的反伤状态。
</skillDescript><weaponRequied>0</weaponRequied><releaseType>1</releaseType><levelRequired>11</levelRequired><itemRequired>20030063</itemRequired><itemCountRequired>1</itemCountRequired><levelUpMoney>0</levelUpMoney><releaseCD>0</releaseCD><distanceType>2</distanceType><rangeType>4</rangeType><attributeType>2</attributeType><targetType>3</targetType><expendPower>70</expendPower><expendHp>0</expendHp><effect>1102021</effect><releaseEffect>-1</releaseEffect><bearEffect>6600</bearEffect><throwEffectId>-1</throwEffectId><aoeEffectId>0</aoeEffectId></row>
<row><skillId>100015</skillId><skillName>双刃之伤
</skillName><skillGroup>1101</skillGroup><level>3</level><icon>120001</icon><type>120000</type><skillType>0</skillType><profession>1</profession><skillDescript>【竖排】造成敌方军队150%物理伤害，并附带20%的反伤状态。
</skillDescript><weaponRequied>0</weaponRequied><releaseType>1</releaseType><levelRequired>20</levelRequired><itemRequired>20030065</itemRequired><itemCountRequired>1</itemCountRequired><levelUpMoney>0</levelUpMoney><releaseCD>0</releaseCD><distanceType>2</distanceType><rangeType>4</rangeType><attributeType>2</attributeType><targetType>3</targetType><expendPower>70</expendPower><expendHp>0</expendHp><effect>1102031</effect><releaseEffect>-1</releaseEffect><bearEffect>6600</bearEffect><throwEffectId>-1</throwEffectId><aoeEffectId>0</aoeEffectId></row>
<row><skillId>100016</skillId><skillName>乱刀斩
</skillName><skillGroup>1102</skillGroup><level>1</level><icon>120004</icon><type>120000</type><skillType>0</skillType><profession>1</profession><skillDescript>【竖排】造成敌方军队150%的伤害，持续2回合。
</skillDescript><weaponRequied>0</weaponRequied><releaseType>1</releaseType><levelRequired>6</levelRequired><itemRequired>20030061</itemRequired><itemCountRequired>1</itemCountRequired><levelUpMoney>0</levelUpMoney><releaseCD>0</releaseCD><distanceType>1</distanceType><rangeType>4</rangeType><attributeType>2</attributeType><targetType>3</targetType><expendPower>70</expendPower><expendHp>0</expendHp><effect>1103011</effect><releaseEffect>-1</releaseEffect><bearEffect>6603</bearEffect><throwEffectId>-1</throwEffectId><aoeEffectId>0</aoeEffectId></row>
<row><skillId>100017</skillId><skillName>声东击西
</skillName><skillGroup>1102</skillGroup><level>2</level><icon>120004</icon><type>120000</type><skillType>0</skillType><profession>1</profession><skillDescript>【横排】造成敌方军队定身，停止攻击2回合。
</skillDescript><weaponRequied>0</weaponRequied><releaseType>1</releaseType><levelRequired>11</levelRequired><itemRequired>20030063</itemRequired><itemCountRequired>1</itemCountRequired><levelUpMoney>0</levelUpMoney><releaseCD>0</releaseCD><distanceType>1</distanceType><rangeType>3</rangeType><attributeType>2</attributeType><targetType>3</targetType><expendPower>70</expendPower><expendHp>0</expendHp><effect>1103021</effect><releaseEffect>-1</releaseEffect><bearEffect>6603</bearEffect><throwEffectId>-1</throwEffectId><aoeEffectId>0</aoeEffectId></row>
<row><skillId>100018</skillId><skillName>邪风阵
</skillName><skillGroup>1102</skillGroup><level>3</level><icon>120004</icon><type>120000</type><skillType>0</skillType><profession>1</profession><skillDescript>【横排】狂风吹过，对敌方军队造成120%的魔法伤害。
</skillDescript><weaponRequied>0</weaponRequied><releaseType>1</releaseType><levelRequired>20</levelRequired><itemRequired>20030065</itemRequired><itemCountRequired>1</itemCountRequired><levelUpMoney>0</levelUpMoney><releaseCD>0</releaseCD><distanceType>1</distanceType><rangeType>3</rangeType><attributeType>2</attributeType><targetType>3</targetType><expendPower>70</expendPower><expendHp>0</expendHp><effect>1103031</effect><releaseEffect>-1</releaseEffect><bearEffect>6603</bearEffect><throwEffectId>-1</throwEffectId><aoeEffectId>0</aoeEffectId></row>
<row><skillId>100019</skillId><skillName>困兽之斗
</skillName><skillGroup>1104</skillGroup><level>1</level><icon>120003</icon><type>120000</type><skillType>0</skillType><profession>1</profession><skillDescript>【横排】造成敌方军队120%物理伤害。
</skillDescript><weaponRequied>0</weaponRequied><releaseType>1</releaseType><levelRequired>6</levelRequired><itemRequired>20030061</itemRequired><itemCountRequired>1</itemCountRequired><levelUpMoney>0</levelUpMoney><releaseCD>3</releaseCD><distanceType>2</distanceType><rangeType>3</rangeType><attributeType>2</attributeType><targetType>3</targetType><expendPower>70</expendPower><expendHp>0</expendHp><effect>1101011</effect><releaseEffect>-1</releaseEffect><bearEffect>6602</bearEffect><throwEffectId>-1</throwEffectId><aoeEffectId>0</aoeEffectId></row>
<row><skillId>100020</skillId><skillName>天雷阵
</skillName><skillGroup>1104</skillGroup><level>2</level><icon>120003</icon><type>120000</type><skillType>0</skillType><profession>1</profession><skillDescript>【群体】火雷轰天而降，对敌方所有军队造成150%的魔法伤害。</skillDescript><weaponRequied>0</weaponRequied><releaseType>1</releaseType><levelRequired>11</levelRequired><itemRequired>20030063</itemRequired><itemCountRequired>1</itemCountRequired><levelUpMoney>0</levelUpMoney><releaseCD>3</releaseCD><distanceType>2</distanceType><rangeType>2</rangeType><attributeType>2</attributeType><targetType>3</targetType><expendPower>70</expendPower><expendHp>0</expendHp><effect>1101021</effect><releaseEffect>-1</releaseEffect><bearEffect>6602</bearEffect><throwEffectId>-1</throwEffectId><aoeEffectId>0</aoeEffectId></row>
<row><skillId>100021</skillId><skillName>毒蜂阵
</skillName><skillGroup>1104</skillGroup><level>3</level><icon>120003</icon><type>120000</type><skillType>0</skillType><profession>1</profession><skillDescript>【群体】蜜蜂落下，对敌方所有军队造成120%的魔法伤害。
</skillDescript><weaponRequied>0</weaponRequied><releaseType>1</releaseType><levelRequired>20</levelRequired><itemRequired>20030065</itemRequired><itemCountRequired>1</itemCountRequired><levelUpMoney>0</levelUpMoney><releaseCD>3</releaseCD><distanceType>2</distanceType><rangeType>2</rangeType><attributeType>2</attributeType><targetType>3</targetType><expendPower>70</expendPower><expendHp>0</expendHp><effect>1101031</effect><releaseEffect>-1</releaseEffect><bearEffect>6602</bearEffect><throwEffectId>-1</throwEffectId><aoeEffectId>0</aoeEffectId></row>
<row><skillId>100022</skillId><skillName>美人计
</skillName><skillGroup>1105</skillGroup><level>1</level><icon>120015</icon><type>120000</type><skillType>0</skillType><profession>1</profession><skillDescript>【群体】敌方随机三部队都停止攻击1回合。</skillDescript><weaponRequied>0</weaponRequied><releaseType>1</releaseType><levelRequired>6</levelRequired><itemRequired>20030061</itemRequired><itemCountRequired>1</itemCountRequired><levelUpMoney>0</levelUpMoney><releaseCD>1</releaseCD><distanceType>1</distanceType><rangeType>2</rangeType><attributeType>1</attributeType><targetType>3</targetType><expendPower>70</expendPower><expendHp>0</expendHp><effect>1105011</effect><releaseEffect>-1</releaseEffect><bearEffect>0</bearEffect><throwEffectId>-1</throwEffectId><aoeEffectId>0</aoeEffectId></row>
<row><skillId>100023</skillId><skillName>万箭齐发
</skillName><skillGroup>1105</skillGroup><level>2</level><icon>120015</icon><type>120000</type><skillType>0</skillType><profession>1</profession><skillDescript>【群体】瞬间射出无数箭矢，对敌方所有军队造成120%的物理伤害。
</skillDescript><weaponRequied>0</weaponRequied><releaseType>1</releaseType><levelRequired>6</levelRequired><itemRequired>20030063</itemRequired><itemCountRequired>1</itemCountRequired><levelUpMoney>0</levelUpMoney><releaseCD>1</releaseCD><distanceType>1</distanceType><rangeType>2</rangeType><attributeType>1</attributeType><targetType>3</targetType><expendPower>70</expendPower><expendHp>0</expendHp><effect>1105021</effect><releaseEffect>-1</releaseEffect><bearEffect>0</bearEffect><throwEffectId>-1</throwEffectId><aoeEffectId>0</aoeEffectId></row>
<row><skillId>100024</skillId><skillName>狮子吼
</skillName><skillGroup>1105</skillGroup><level>3</level><icon>120015</icon><type>120000</type><skillType>0</skillType><profession>1</profession><skillDescript>【群体】齐声大吼，令敌方军队胆寒，敌方某军队集气降为0。
</skillDescript><weaponRequied>0</weaponRequied><releaseType>1</releaseType><levelRequired>6</levelRequired><itemRequired>20030065</itemRequired><itemCountRequired>1</itemCountRequired><levelUpMoney>0</levelUpMoney><releaseCD>2</releaseCD><distanceType>1</distanceType><rangeType>2</rangeType><attributeType>2</attributeType><targetType>3</targetType><expendPower>70</expendPower><expendHp>0</expendHp><effect>1105031</effect><releaseEffect>-1</releaseEffect><bearEffect>0</bearEffect><throwEffectId>-1</throwEffectId><aoeEffectId>0</aoeEffectId></row>
<row><skillId>100025</skillId><skillName>野火燎原
</skillName><skillGroup>0</skillGroup><level>1</level><icon>130007</icon><type>120000</type><skillType>0</skillType><profession>6</profession><skillDescript>【群体】瞬间射出无数箭矢，对敌方所有军队造成150%的物理伤害。
</skillDescript><weaponRequied>0</weaponRequied><releaseType>1</releaseType><levelRequired>1</levelRequired><itemRequired>20030061</itemRequired><itemCountRequired>1</itemCountRequired><levelUpMoney>0</levelUpMoney><releaseCD>0</releaseCD><distanceType>1</distanceType><rangeType>2</rangeType><attributeType>1</attributeType><targetType>3</targetType><expendPower>70</expendPower><expendHp>0</expendHp><effect>150021</effect><releaseEffect>10001</releaseEffect><bearEffect>10601</bearEffect><throwEffectId>10301</throwEffectId><aoeEffectId>0</aoeEffectId></row>
<row><skillId>100026</skillId><skillName>小霸王之美人计
</skillName><skillGroup>0</skillGroup><level>1</level><icon>130001</icon><type>120000</type><skillType>0</skillType><profession>6</profession><skillDescript>【群体】敌方随机同一排的相邻两军队混乱，互相进行物理普通攻击。对敌方所有军队造成120%的物理伤害。
</skillDescript><weaponRequied>0</weaponRequied><releaseType>1</releaseType><levelRequired>1</levelRequired><itemRequired>20030061</itemRequired><itemCountRequired>1</itemCountRequired><levelUpMoney>0</levelUpMoney><releaseCD>0</releaseCD><distanceType>2</distanceType><rangeType>2</rangeType><attributeType>1</attributeType><targetType>3</targetType><expendPower>70</expendPower><expendHp>0</expendHp><effect>150041</effect><releaseEffect>0</releaseEffect><bearEffect>10607</bearEffect><throwEffectId>0</throwEffectId><aoeEffectId>0</aoeEffectId></row>
<row><skillId>100027</skillId><skillName>万里冰封
</skillName><skillGroup>0</skillGroup><level>1</level><icon>130007</icon><type>120000</type><skillType>0</skillType><profession>6</profession><skillDescript>【群体】造成敌方所有军队150%的物理伤害，攻击敌方时附带冰冻效果。
</skillDescript><weaponRequied>0</weaponRequied><releaseType>1</releaseType><levelRequired>1</levelRequired><itemRequired>20030061</itemRequired><itemCountRequired>1</itemCountRequired><levelUpMoney>0</levelUpMoney><releaseCD>0</releaseCD><distanceType>1</distanceType><rangeType>2</rangeType><attributeType>1</attributeType><targetType>3</targetType><expendPower>70</expendPower><expendHp>0</expendHp><effect>150051</effect><releaseEffect>10001</releaseEffect><bearEffect>10601</bearEffect><throwEffectId>10301</throwEffectId><aoeEffectId>0</aoeEffectId></row>
<row><skillId>100028</skillId><skillName>黄雀阵
</skillName><skillGroup>0</skillGroup><level>1</level><icon>130001</icon><type>120000</type><skillType>0</skillType><profession>6</profession><skillDescript>【群体】黄雀落下，对敌方所有军队造成150%的魔法伤害。
</skillDescript><weaponRequied>0</weaponRequied><releaseType>1</releaseType><levelRequired>1</levelRequired><itemRequired>20030061</itemRequired><itemCountRequired>1</itemCountRequired><levelUpMoney>0</levelUpMoney><releaseCD>0</releaseCD><distanceType>2</distanceType><rangeType>2</rangeType><attributeType>1</attributeType><targetType>3</targetType><expendPower>70</expendPower><expendHp>0</expendHp><effect>150061</effect><releaseEffect>0</releaseEffect><bearEffect>10607</bearEffect><throwEffectId>0</throwEffectId><aoeEffectId>0</aoeEffectId></row>
<row><skillId>100029</skillId><skillName>水击三千里
</skillName><skillGroup>0</skillGroup><level>1</level><icon>130001</icon><type>120000</type><skillType>0</skillType><profession>6</profession><skillDescript>【群体】水流漩涡击打，对敌方所有军队造成180%的物理伤害。
</skillDescript><weaponRequied>0</weaponRequied><releaseType>1</releaseType><levelRequired>1</levelRequired><itemRequired>20030061</itemRequired><itemCountRequired>1</itemCountRequired><levelUpMoney>0</levelUpMoney><releaseCD>0</releaseCD><distanceType>2</distanceType><rangeType>2</rangeType><attributeType>1</attributeType><targetType>3</targetType><expendPower>70</expendPower><expendHp>0</expendHp><effect>150071</effect><releaseEffect>0</releaseEffect><bearEffect>10607</bearEffect><throwEffectId>0</throwEffectId><aoeEffectId>0</aoeEffectId></row>
<row><skillId>100030</skillId><skillName>破军计
</skillName><skillGroup>0</skillGroup><level>1</level><icon>130007</icon><type>120000</type><skillType>0</skillType><profession>6</profession><skillDescript>【群体】敌方所有军队魔法防御力下降50%。</skillDescript><weaponRequied>0</weaponRequied><releaseType>1</releaseType><levelRequired>1</levelRequired><itemRequired>20030061</itemRequired><itemCountRequired>1</itemCountRequired><levelUpMoney>0</levelUpMoney><releaseCD>0</releaseCD><distanceType>1</distanceType><rangeType>2</rangeType><attributeType>1</attributeType><targetType>3</targetType><expendPower>70</expendPower><expendHp>0</expendHp><effect>150271</effect><releaseEffect>10001</releaseEffect><bearEffect>10601</bearEffect><throwEffectId>10301</throwEffectId><aoeEffectId>0</aoeEffectId></row>
<row><skillId>100031</skillId><skillName>诈降计
</skillName><skillGroup>2101</skillGroup><level>1</level><icon>120006</icon><type>120000</type><skillType>0</skillType><profession>2</profession><skillDescript>【群体】敌方所有军队物理防御力下降50%。
</skillDescript><weaponRequied>0</weaponRequied><releaseType>1</releaseType><levelRequired>6</levelRequired><itemRequired>20030061</itemRequired><itemCountRequired>1</itemCountRequired><levelUpMoney>0</levelUpMoney><releaseCD>0</releaseCD><distanceType>1</distanceType><rangeType>2</rangeType><attributeType>2</attributeType><targetType>3</targetType><expendPower>70</expendPower><expendHp>0</expendHp><effect>2101011</effect><releaseEffect>7001</releaseEffect><bearEffect>7601</bearEffect><throwEffectId>7301</throwEffectId><aoeEffectId>0</aoeEffectId></row>
<row><skillId>100032</skillId><skillName>屈兵计
</skillName><skillGroup>2101</skillGroup><level>2</level><icon>120006</icon><type>120000</type><skillType>0</skillType><profession>2</profession><skillDescript>【群体】敌方所有军队物理攻击值下降50%。
</skillDescript><weaponRequied>0</weaponRequied><releaseType>1</releaseType><levelRequired>11</levelRequired><itemRequired>20030063</itemRequired><itemCountRequired>1</itemCountRequired><levelUpMoney>0</levelUpMoney><releaseCD>0</releaseCD><distanceType>1</distanceType><rangeType>2</rangeType><attributeType>2</attributeType><targetType>3</targetType><expendPower>70</expendPower><expendHp>0</expendHp><effect>2101021</effect><releaseEffect>7001</releaseEffect><bearEffect>7601</bearEffect><throwEffectId>7301</throwEffectId><aoeEffectId>0</aoeEffectId></row>
<row><skillId>100033</skillId><skillName>滚滚巨石
</skillName><skillGroup>2101</skillGroup><level>3</level><icon>120006</icon><type>120000</type><skillType>0</skillType><profession>2</profession><skillDescript>【群体】瞬间射出滚滚巨石，对敌方所有军队造成150%的物理伤害。
</skillDescript><weaponRequied>0</weaponRequied><releaseType>1</releaseType><levelRequired>20</levelRequired><itemRequired>20030065</itemRequired><itemCountRequired>1</itemCountRequired><levelUpMoney>0</levelUpMoney><releaseCD>0</releaseCD><distanceType>1</distanceType><rangeType>2</rangeType><attributeType>2</attributeType><targetType>3</targetType><expendPower>70</expendPower><expendHp>0</expendHp><effect>2101031</effect><releaseEffect>7001</releaseEffect><bearEffect>7601</bearEffect><throwEffectId>7301</throwEffectId><aoeEffectId>0</aoeEffectId></row>
<row><skillId>210201</skillId><skillName>龍破甲</skillName><skillGroup>2104</skillGroup><level>1</level><icon>120007</icon><type>120000</type><skillType>0</skillType><profession>2</profession><skillDescript>【減益】單體技能，造成120%魔攻傷害。降低受擊方30%物理防禦，持續3回合。</skillDescript><weaponRequied>0</weaponRequied><releaseType>1</releaseType><levelRequired>6</levelRequired><itemRequired>20030061</itemRequired><itemCountRequired>1</itemCountRequired><levelUpMoney>0</levelUpMoney><releaseCD>3</releaseCD><distanceType>1</distanceType><rangeType>1</rangeType><attributeType>2</attributeType><targetType>3</targetType><expendPower>70</expendPower><expendHp>0</expendHp><effect>2102011</effect><releaseEffect>7002</releaseEffect><bearEffect>7602</bearEffect><throwEffectId>-1</throwEffectId><aoeEffectId>0</aoeEffectId></row>
<row><skillId>210202</skillId><skillName>龍破甲</skillName><skillGroup>2104</skillGroup><level>2</level><icon>120007</icon><type>120000</type><skillType>0</skillType><profession>2</profession><skillDescript>【減益】單體技能，造成120%魔攻傷害。降低受擊方30%物理防禦，持續3回合。</skillDescript><weaponRequied>0</weaponRequied><releaseType>1</releaseType><levelRequired>11</levelRequired><itemRequired>20030063</itemRequired><itemCountRequired>1</itemCountRequired><levelUpMoney>0</levelUpMoney><releaseCD>3</releaseCD><distanceType>1</distanceType><rangeType>1</rangeType><attributeType>2</attributeType><targetType>3</targetType><expendPower>70</expendPower><expendHp>0</expendHp><effect>2102021</effect><releaseEffect>7002</releaseEffect><bearEffect>7602</bearEffect><throwEffectId>-1</throwEffectId><aoeEffectId>0</aoeEffectId></row>
<row><skillId>210203</skillId><skillName>龍破甲</skillName><skillGroup>2104</skillGroup><level>3</level><icon>120007</icon><type>120000</type><skillType>0</skillType><profession>2</profession><skillDescript>【減益】單體技能，造成130%魔攻傷害。降低受擊方50%物理防禦，持續3回合。</skillDescript><weaponRequied>0</weaponRequied><releaseType>1</releaseType><levelRequired>20</levelRequired><itemRequired>20030065</itemRequired><itemCountRequired>1</itemCountRequired><levelUpMoney>0</levelUpMoney><releaseCD>3</releaseCD><distanceType>1</distanceType><rangeType>1</rangeType><attributeType>2</attributeType><targetType>3</targetType><expendPower>70</expendPower><expendHp>0</expendHp><effect>2102031</effect><releaseEffect>7002</releaseEffect><bearEffect>7602</bearEffect><throwEffectId>-1</throwEffectId><aoeEffectId>0</aoeEffectId></row>
<row><skillId>210301</skillId><skillName>火球術</skillName><skillGroup>2103</skillGroup><level>1</level><icon>120005</icon><type>120000</type><skillType>0</skillType><profession>2</profession><skillDescript>【單體】單體持續魔法傷害，造成110%魔攻傷害並造成相當於魔攻為106%持續傷害，持續2回合。</skillDescript><weaponRequied>0</weaponRequied><releaseType>1</releaseType><levelRequired>6</levelRequired><itemRequired>20030061</itemRequired><itemCountRequired>1</itemCountRequired><levelUpMoney>0</levelUpMoney><releaseCD>0</releaseCD><distanceType>1</distanceType><rangeType>1</rangeType><attributeType>2</attributeType><targetType>3</targetType><expendPower>70</expendPower><expendHp>0</expendHp><effect>2103011</effect><releaseEffect>7000</releaseEffect><bearEffect>7600</bearEffect><throwEffectId>7300</throwEffectId><aoeEffectId>0</aoeEffectId></row>
<row><skillId>210302</skillId><skillName>火球術</skillName><skillGroup>2103</skillGroup><level>2</level><icon>120005</icon><type>120000</type><skillType>0</skillType><profession>2</profession><skillDescript>【單體】單體持續魔法傷害，造成130%魔攻傷害並造成相當於魔攻為112%持續傷害，持續2回合。</skillDescript><weaponRequied>0</weaponRequied><releaseType>1</releaseType><levelRequired>11</levelRequired><itemRequired>20030063</itemRequired><itemCountRequired>1</itemCountRequired><levelUpMoney>0</levelUpMoney><releaseCD>0</releaseCD><distanceType>1</distanceType><rangeType>1</rangeType><attributeType>2</attributeType><targetType>3</targetType><expendPower>70</expendPower><expendHp>0</expendHp><effect>2103021</effect><releaseEffect>7000</releaseEffect><bearEffect>7600</bearEffect><throwEffectId>7300</throwEffectId><aoeEffectId>0</aoeEffectId></row>
<row><skillId>210303</skillId><skillName>火球術</skillName><skillGroup>2103</skillGroup><level>3</level><icon>120005</icon><type>120000</type><skillType>0</skillType><profession>2</profession><skillDescript>【單體】單體持續魔法傷害，造成180%魔攻傷害並造成相當於魔攻為124%持續傷害，持續2回合。</skillDescript><weaponRequied>0</weaponRequied><releaseType>1</releaseType><levelRequired>20</levelRequired><itemRequired>20030065</itemRequired><itemCountRequired>1</itemCountRequired><levelUpMoney>0</levelUpMoney><releaseCD>0</releaseCD><distanceType>1</distanceType><rangeType>1</rangeType><attributeType>2</attributeType><targetType>3</targetType><expendPower>70</expendPower><expendHp>0</expendHp><effect>2103031</effect><releaseEffect>7000</releaseEffect><bearEffect>7600</bearEffect><throwEffectId>7300</throwEffectId><aoeEffectId>0</aoeEffectId></row>
<row><skillId>210401</skillId><skillName>群星隕落</skillName><skillGroup>2102</skillGroup><level>1</level><icon>120009</icon><type>120000</type><skillType>0</skillType><profession>2</profession><skillDescript>【範圍】發射大量燃燒著的隕石攻擊敵方全體，造成相當於魔攻的100%的傷害。</skillDescript><weaponRequied>0</weaponRequied><releaseType>1</releaseType><levelRequired>6</levelRequired><itemRequired>20030061</itemRequired><itemCountRequired>1</itemCountRequired><levelUpMoney>0</levelUpMoney><releaseCD>0</releaseCD><distanceType>1</distanceType><rangeType>2</rangeType><attributeType>2</attributeType><targetType>3</targetType><expendPower>70</expendPower><expendHp>0</expendHp><effect>2104011</effect><releaseEffect>-1</releaseEffect><bearEffect>7604</bearEffect><throwEffectId>-1</throwEffectId><aoeEffectId>0</aoeEffectId></row>
<row><skillId>210402</skillId><skillName>群星隕落</skillName><skillGroup>2102</skillGroup><level>2</level><icon>120009</icon><type>120000</type><skillType>0</skillType><profession>2</profession><skillDescript>【範圍】發射大量燃燒著的隕石攻擊敵方全體，造成相當於魔攻110%的傷害。</skillDescript><weaponRequied>0</weaponRequied><releaseType>1</releaseType><levelRequired>11</levelRequired><itemRequired>20030063</itemRequired><itemCountRequired>1</itemCountRequired><levelUpMoney>0</levelUpMoney><releaseCD>0</releaseCD><distanceType>1</distanceType><rangeType>2</rangeType><attributeType>2</attributeType><targetType>3</targetType><expendPower>70</expendPower><expendHp>0</expendHp><effect>2104021</effect><releaseEffect>-1</releaseEffect><bearEffect>7604</bearEffect><throwEffectId>-1</throwEffectId><aoeEffectId>0</aoeEffectId></row>
<row><skillId>210403</skillId><skillName>群星隕落</skillName><skillGroup>2102</skillGroup><level>3</level><icon>120009</icon><type>120000</type><skillType>0</skillType><profession>2</profession><skillDescript>【範圍】發射大量燃燒著的隕石攻擊敵方全體，造成相當於魔攻130%的傷害。</skillDescript><weaponRequied>0</weaponRequied><releaseType>1</releaseType><levelRequired>20</levelRequired><itemRequired>20030065</itemRequired><itemCountRequired>1</itemCountRequired><levelUpMoney>0</levelUpMoney><releaseCD>0</releaseCD><distanceType>1</distanceType><rangeType>2</rangeType><attributeType>2</attributeType><targetType>3</targetType><expendPower>70</expendPower><expendHp>0</expendHp><effect>2104031</effect><releaseEffect>-1</releaseEffect><bearEffect>7604</bearEffect><throwEffectId>-1</throwEffectId><aoeEffectId>0</aoeEffectId></row>
<row><skillId>210501</skillId><skillName>冰封禁制</skillName><skillGroup>2105</skillGroup><level>1</level><icon>120008</icon><type>120000</type><skillType>0</skillType><profession>2</profession><skillDescript>【控制】造成100%魔攻傷害。冰封橫排敵人，使其不能行動，持續1回合。</skillDescript><weaponRequied>0</weaponRequied><releaseType>1</releaseType><levelRequired>6</levelRequired><itemRequired>20030061</itemRequired><itemCountRequired>1</itemCountRequired><levelUpMoney>0</levelUpMoney><releaseCD>1</releaseCD><distanceType>1</distanceType><rangeType>3</rangeType><attributeType>2</attributeType><targetType>3</targetType><expendPower>70</expendPower><expendHp>0</expendHp><effect>2105011</effect><releaseEffect>-1</releaseEffect><bearEffect>7603</bearEffect><throwEffectId>-1</throwEffectId><aoeEffectId>0</aoeEffectId></row>
<row><skillId>210502</skillId><skillName>冰封禁制</skillName><skillGroup>2105</skillGroup><level>2</level><icon>120008</icon><type>120000</type><skillType>0</skillType><profession>2</profession><skillDescript>【控制】造成100%魔攻傷害。冰封橫排敵人，使其不能行動，持續1回合。</skillDescript><weaponRequied>0</weaponRequied><releaseType>1</releaseType><levelRequired>11</levelRequired><itemRequired>20030063</itemRequired><itemCountRequired>1</itemCountRequired><levelUpMoney>0</levelUpMoney><releaseCD>1</releaseCD><distanceType>1</distanceType><rangeType>3</rangeType><attributeType>2</attributeType><targetType>3</targetType><expendPower>70</expendPower><expendHp>0</expendHp><effect>2105021</effect><releaseEffect>-1</releaseEffect><bearEffect>7603</bearEffect><throwEffectId>-1</throwEffectId><aoeEffectId>0</aoeEffectId></row>
<row><skillId>210503</skillId><skillName>冰封禁制</skillName><skillGroup>2105</skillGroup><level>3</level><icon>120008</icon><type>120000</type><skillType>0</skillType><profession>2</profession><skillDescript>【控制】造成100%魔攻傷害。冰封全體敵人，使其不能行動，持續2回合。</skillDescript><weaponRequied>0</weaponRequied><releaseType>1</releaseType><levelRequired>20</levelRequired><itemRequired>20030065</itemRequired><itemCountRequired>1</itemCountRequired><levelUpMoney>0</levelUpMoney><releaseCD>3</releaseCD><distanceType>1</distanceType><rangeType>2</rangeType><attributeType>2</attributeType><targetType>3</targetType><expendPower>70</expendPower><expendHp>0</expendHp><effect>2105031</effect><releaseEffect>-1</releaseEffect><bearEffect>7603</bearEffect><throwEffectId>-1</throwEffectId><aoeEffectId>0</aoeEffectId></row>
<row><skillId>310101</skillId><skillName>連射</skillName><skillGroup>3101</skillGroup><level>1</level><icon>120011</icon><type>120000</type><skillType>0</skillType><profession>3</profession><skillDescript>【單體】對目標造成相當於魔攻120%的傷害。</skillDescript><weaponRequied>10</weaponRequied><releaseType>1</releaseType><levelRequired>6</levelRequired><itemRequired>20030061</itemRequired><itemCountRequired>1</itemCountRequired><levelUpMoney>0</levelUpMoney><releaseCD>0</releaseCD><distanceType>1</distanceType><rangeType>1</rangeType><attributeType>1</attributeType><targetType>3</targetType><expendPower>70</expendPower><expendHp>0</expendHp><effect>3101011</effect><releaseEffect>-1</releaseEffect><bearEffect>8600</bearEffect><throwEffectId>8300</throwEffectId><aoeEffectId>0</aoeEffectId></row>
<row><skillId>310102</skillId><skillName>連射</skillName><skillGroup>3101</skillGroup><level>2</level><icon>120011</icon><type>120000</type><skillType>0</skillType><profession>3</profession><skillDescript>【單體】對目標造成相當於魔攻150%的傷害。</skillDescript><weaponRequied>10</weaponRequied><releaseType>1</releaseType><levelRequired>11</levelRequired><itemRequired>20030063</itemRequired><itemCountRequired>1</itemCountRequired><levelUpMoney>0</levelUpMoney><releaseCD>0</releaseCD><distanceType>1</distanceType><rangeType>1</rangeType><attributeType>1</attributeType><targetType>3</targetType><expendPower>70</expendPower><expendHp>0</expendHp><effect>3101021</effect><releaseEffect>-1</releaseEffect><bearEffect>8600</bearEffect><throwEffectId>8300</throwEffectId><aoeEffectId>0</aoeEffectId></row>
<row><skillId>310103</skillId><skillName>連射</skillName><skillGroup>3101</skillGroup><level>3</level><icon>120011</icon><type>120000</type><skillType>0</skillType><profession>3</profession><skillDescript>【單體】對目標造成相當於魔攻250%的傷害。</skillDescript><weaponRequied>10</weaponRequied><releaseType>1</releaseType><levelRequired>20</levelRequired><itemRequired>20030065</itemRequired><itemCountRequired>1</itemCountRequired><levelUpMoney>0</levelUpMoney><releaseCD>0</releaseCD><distanceType>1</distanceType><rangeType>1</rangeType><attributeType>1</attributeType><targetType>3</targetType><expendPower>70</expendPower><expendHp>0</expendHp><effect>3101031</effect><releaseEffect>-1</releaseEffect><bearEffect>8600</bearEffect><throwEffectId>8300</throwEffectId><aoeEffectId>0</aoeEffectId></row>
<row><skillId>310201</skillId><skillName>攻擊汲取</skillName><skillGroup>3104</skillGroup><level>1</level><icon>120012</icon><type>120000</type><skillType>0</skillType><profession>3</profession><skillDescript>【增益】造成物理攻擊10%的技能傷害。增加105%自身回避，持續3回合。</skillDescript><weaponRequied>10</weaponRequied><releaseType>1</releaseType><levelRequired>6</levelRequired><itemRequired>20030061</itemRequired><itemCountRequired>1</itemCountRequired><levelUpMoney>0</levelUpMoney><releaseCD>3</releaseCD><distanceType>1</distanceType><rangeType>1</rangeType><attributeType>2</attributeType><targetType>3</targetType><expendPower>70</expendPower><expendHp>0</expendHp><effect>3102011</effect><releaseEffect>-1</releaseEffect><bearEffect>8601</bearEffect><throwEffectId>8301</throwEffectId><aoeEffectId>0</aoeEffectId></row>
<row><skillId>310202</skillId><skillName>攻擊汲取</skillName><skillGroup>3104</skillGroup><level>2</level><icon>120012</icon><type>120000</type><skillType>0</skillType><profession>3</profession><skillDescript>【增益】造成物理攻擊20%的技能傷害。增加106%自身回避，持續3回合。</skillDescript><weaponRequied>10</weaponRequied><releaseType>1</releaseType><levelRequired>11</levelRequired><itemRequired>20030063</itemRequired><itemCountRequired>1</itemCountRequired><levelUpMoney>0</levelUpMoney><releaseCD>3</releaseCD><distanceType>1</distanceType><rangeType>1</rangeType><attributeType>2</attributeType><targetType>3</targetType><expendPower>70</expendPower><expendHp>0</expendHp><effect>3102021</effect><releaseEffect>-1</releaseEffect><bearEffect>8601</bearEffect><throwEffectId>8301</throwEffectId><aoeEffectId>0</aoeEffectId></row>
<row><skillId>310203</skillId><skillName>攻擊汲取</skillName><skillGroup>3104</skillGroup><level>3</level><icon>120012</icon><type>120000</type><skillType>0</skillType><profession>3</profession><skillDescript>【增益】造成物理攻擊30%的技能傷害。增加107%自身回避，持續3回合。</skillDescript><weaponRequied>10</weaponRequied><releaseType>1</releaseType><levelRequired>20</levelRequired><itemRequired>20030065</itemRequired><itemCountRequired>1</itemCountRequired><levelUpMoney>0</levelUpMoney><releaseCD>3</releaseCD><distanceType>1</distanceType><rangeType>1</rangeType><attributeType>2</attributeType><targetType>3</targetType><expendPower>70</expendPower><expendHp>0</expendHp><effect>3102031</effect><releaseEffect>-1</releaseEffect><bearEffect>8601</bearEffect><throwEffectId>8301</throwEffectId><aoeEffectId>0</aoeEffectId></row>
<row><skillId>310301</skillId><skillName>多重箭</skillName><skillGroup>3103</skillGroup><level>1</level><icon>120010</icon><type>120000</type><skillType>0</skillType><profession>3</profession><skillDescript>【範圍】橫排傷害，造成物理攻擊80%的魔法傷害。</skillDescript><weaponRequied>10</weaponRequied><releaseType>1</releaseType><levelRequired>6</levelRequired><itemRequired>20030061</itemRequired><itemCountRequired>1</itemCountRequired><levelUpMoney>0</levelUpMoney><releaseCD>0</releaseCD><distanceType>1</distanceType><rangeType>3</rangeType><attributeType>2</attributeType><targetType>3</targetType><expendPower>70</expendPower><expendHp>0</expendHp><effect>3103011</effect><releaseEffect>-1</releaseEffect><bearEffect>8602</bearEffect><throwEffectId>8302</throwEffectId><aoeEffectId>0</aoeEffectId></row>
<row><skillId>310302</skillId><skillName>多重箭</skillName><skillGroup>3103</skillGroup><level>2</level><icon>120010</icon><type>120000</type><skillType>0</skillType><profession>3</profession><skillDescript>【範圍】橫排傷害，造成物理攻擊120%的魔法傷害。</skillDescript><weaponRequied>10</weaponRequied><releaseType>1</releaseType><levelRequired>11</levelRequired><itemRequired>20030063</itemRequired><itemCountRequired>1</itemCountRequired><levelUpMoney>0</levelUpMoney><releaseCD>0</releaseCD><distanceType>1</distanceType><rangeType>3</rangeType><attributeType>2</attributeType><targetType>3</targetType><expendPower>70</expendPower><expendHp>0</expendHp><effect>3103021</effect><releaseEffect>-1</releaseEffect><bearEffect>8602</bearEffect><throwEffectId>8302</throwEffectId><aoeEffectId>0</aoeEffectId></row>
<row><skillId>310303</skillId><skillName>多重箭</skillName><skillGroup>3103</skillGroup><level>3</level><icon>120010</icon><type>120000</type><skillType>0</skillType><profession>3</profession><skillDescript>【範圍】橫排傷害，造成物理攻擊180%的魔法傷害。</skillDescript><weaponRequied>10</weaponRequied><releaseType>1</releaseType><levelRequired>20</levelRequired><itemRequired>20030065</itemRequired><itemCountRequired>1</itemCountRequired><levelUpMoney>0</levelUpMoney><releaseCD>0</releaseCD><distanceType>1</distanceType><rangeType>3</rangeType><attributeType>2</attributeType><targetType>3</targetType><expendPower>70</expendPower><expendHp>0</expendHp><effect>3103031</effect><releaseEffect>-1</releaseEffect><bearEffect>8602</bearEffect><throwEffectId>8302</throwEffectId><aoeEffectId>0</aoeEffectId></row>
<row><skillId>310401</skillId><skillName>穿刺射擊</skillName><skillGroup>3102</skillGroup><level>1</level><icon>120013</icon><type>120000</type><skillType>0</skillType><profession>3</profession><skillDescript>【範圍】豎排傷害，造成物理攻擊95%的魔法傷害。</skillDescript><weaponRequied>10</weaponRequied><releaseType>1</releaseType><levelRequired>6</levelRequired><itemRequired>20030061</itemRequired><itemCountRequired>1</itemCountRequired><levelUpMoney>0</levelUpMoney><releaseCD>0</releaseCD><distanceType>1</distanceType><rangeType>4</rangeType><attributeType>2</attributeType><targetType>3</targetType><expendPower>70</expendPower><expendHp>0</expendHp><effect>3104011</effect><releaseEffect>-1</releaseEffect><bearEffect>8603</bearEffect><throwEffectId>8303</throwEffectId><aoeEffectId>0</aoeEffectId></row>
<row><skillId>310402</skillId><skillName>穿刺射擊</skillName><skillGroup>3102</skillGroup><level>2</level><icon>120013</icon><type>120000</type><skillType>0</skillType><profession>3</profession><skillDescript>【範圍】豎排傷害，造成物理攻擊120%的魔法傷害。</skillDescript><weaponRequied>10</weaponRequied><releaseType>1</releaseType><levelRequired>11</levelRequired><itemRequired>20030063</itemRequired><itemCountRequired>1</itemCountRequired><levelUpMoney>0</levelUpMoney><releaseCD>0</releaseCD><distanceType>1</distanceType><rangeType>4</rangeType><attributeType>2</attributeType><targetType>3</targetType><expendPower>70</expendPower><expendHp>0</expendHp><effect>3104021</effect><releaseEffect>-1</releaseEffect><bearEffect>8603</bearEffect><throwEffectId>8303</throwEffectId><aoeEffectId>0</aoeEffectId></row>
<row><skillId>310403</skillId><skillName>穿刺射擊</skillName><skillGroup>3102</skillGroup><level>3</level><icon>120013</icon><type>120000</type><skillType>0</skillType><profession>3</profession><skillDescript>【範圍】豎排傷害，造成物理攻擊180%的魔法傷害。</skillDescript><weaponRequied>10</weaponRequied><releaseType>1</releaseType><levelRequired>20</levelRequired><itemRequired>20030065</itemRequired><itemCountRequired>1</itemCountRequired><levelUpMoney>0</levelUpMoney><releaseCD>0</releaseCD><distanceType>1</distanceType><rangeType>4</rangeType><attributeType>2</attributeType><targetType>3</targetType><expendPower>70</expendPower><expendHp>0</expendHp><effect>3104031</effect><releaseEffect>-1</releaseEffect><bearEffect>8603</bearEffect><throwEffectId>8303</throwEffectId><aoeEffectId>0</aoeEffectId></row>
<row><skillId>310501</skillId><skillName>流星箭獄</skillName><skillGroup>3105</skillGroup><level>1</level><icon>120014</icon><type>120000</type><skillType>0</skillType><profession>3</profession><skillDescript>【控制】豎排傷害，造成物理攻擊95%的魔法傷害。以箭雨困住豎排敵方，持續1回合。</skillDescript><weaponRequied>10</weaponRequied><releaseType>1</releaseType><levelRequired>6</levelRequired><itemRequired>20030061</itemRequired><itemCountRequired>1</itemCountRequired><levelUpMoney>0</levelUpMoney><releaseCD>3</releaseCD><distanceType>1</distanceType><rangeType>4</rangeType><attributeType>2</attributeType><targetType>3</targetType><expendPower>70</expendPower><expendHp>0</expendHp><effect>3105011</effect><releaseEffect>-1</releaseEffect><bearEffect>8604</bearEffect><throwEffectId>-1</throwEffectId><aoeEffectId>0</aoeEffectId></row>
<row><skillId>310502</skillId><skillName>流星箭獄</skillName><skillGroup>3105</skillGroup><level>2</level><icon>120014</icon><type>120000</type><skillType>0</skillType><profession>3</profession><skillDescript>【控制】豎排傷害，造成物理攻擊120%的魔法傷害。以箭雨困住豎排敵方，持續2回合。</skillDescript><weaponRequied>10</weaponRequied><releaseType>1</releaseType><levelRequired>11</levelRequired><itemRequired>20030063</itemRequired><itemCountRequired>1</itemCountRequired><levelUpMoney>0</levelUpMoney><releaseCD>3</releaseCD><distanceType>1</distanceType><rangeType>4</rangeType><attributeType>2</attributeType><targetType>3</targetType><expendPower>70</expendPower><expendHp>0</expendHp><effect>3105021</effect><releaseEffect>-1</releaseEffect><bearEffect>8604</bearEffect><throwEffectId>-1</throwEffectId><aoeEffectId>0</aoeEffectId></row>
<row><skillId>310503</skillId><skillName>流星箭獄</skillName><skillGroup>3105</skillGroup><level>3</level><icon>120014</icon><type>120000</type><skillType>0</skillType><profession>3</profession><skillDescript>【控制】範圍傷害，造成物理攻擊150%的魔法傷害。以箭雨困住全體敵方，持續1回合。</skillDescript><weaponRequied>10</weaponRequied><releaseType>1</releaseType><levelRequired>20</levelRequired><itemRequired>20030065</itemRequired><itemCountRequired>1</itemCountRequired><levelUpMoney>0</levelUpMoney><releaseCD>3</releaseCD><distanceType>1</distanceType><rangeType>2</rangeType><attributeType>2</attributeType><targetType>3</targetType><expendPower>70</expendPower><expendHp>0</expendHp><effect>3105031</effect><releaseEffect>-1</releaseEffect><bearEffect>8604</bearEffect><throwEffectId>-1</throwEffectId><aoeEffectId>0</aoeEffectId></row>
<row><skillId>410101</skillId><skillName>強效治癒</skillName><skillGroup>4104</skillGroup><level>1</level><icon>120018</icon><type>120000</type><skillType>0</skillType><profession>4</profession><skillDescript>恢復己方所有成員&lt;魔攻*0.5&gt;點HP，並為其添加一個兩回合的持續效果：若目標HP低於總量的20%，則每回合為其恢復&lt;魔攻*0.4&gt;點HP</skillDescript><weaponRequied>0</weaponRequied><releaseType>1</releaseType><levelRequired>6</levelRequired><itemRequired>20030061</itemRequired><itemCountRequired>1</itemCountRequired><levelUpMoney>0</levelUpMoney><releaseCD>0</releaseCD><distanceType>1</distanceType><rangeType>2</rangeType><attributeType>2</attributeType><targetType>2</targetType><expendPower>70</expendPower><expendHp>0</expendHp><effect>4101011</effect><releaseEffect>9003</releaseEffect><bearEffect>9603</bearEffect><throwEffectId>-1</throwEffectId><aoeEffectId>0</aoeEffectId></row>
<row><skillId>410102</skillId><skillName>強效治癒</skillName><skillGroup>4104</skillGroup><level>2</level><icon>120018</icon><type>120000</type><skillType>0</skillType><profession>4</profession><skillDescript>恢復己方所有成員&lt;魔攻*0.8&gt;點HP，並為其添加一個兩回合的持續效果，若目標HP低於總量的40%，則每回合為其恢復&lt;魔攻*0.5&gt;點HP</skillDescript><weaponRequied>0</weaponRequied><releaseType>1</releaseType><levelRequired>11</levelRequired><itemRequired>20030063</itemRequired><itemCountRequired>1</itemCountRequired><levelUpMoney>0</levelUpMoney><releaseCD>0</releaseCD><distanceType>1</distanceType><rangeType>2</rangeType><attributeType>2</attributeType><targetType>2</targetType><expendPower>70</expendPower><expendHp>0</expendHp><effect>4101021</effect><releaseEffect>9003</releaseEffect><bearEffect>9603</bearEffect><throwEffectId>-1</throwEffectId><aoeEffectId>0</aoeEffectId></row>
<row><skillId>410103</skillId><skillName>強效治癒</skillName><skillGroup>4104</skillGroup><level>3</level><icon>120018</icon><type>120000</type><skillType>0</skillType><profession>4</profession><skillDescript>恢復己方所有成員&lt;魔攻*1.0&gt;點HP，並為其添加一個三回合持續效果，若目標HP低於總量的60%，則每回合為其恢復&lt;魔攻*0.6&gt;點HP</skillDescript><weaponRequied>0</weaponRequied><releaseType>1</releaseType><levelRequired>20</levelRequired><itemRequired>20030065</itemRequired><itemCountRequired>1</itemCountRequired><levelUpMoney>0</levelUpMoney><releaseCD>0</releaseCD><distanceType>1</distanceType><rangeType>2</rangeType><attributeType>2</attributeType><targetType>2</targetType><expendPower>70</expendPower><expendHp>0</expendHp><effect>4101031</effect><releaseEffect>9003</releaseEffect><bearEffect>9603</bearEffect><throwEffectId>-1</throwEffectId><aoeEffectId>0</aoeEffectId></row>
<row><skillId>410201</skillId><skillName>精神桎梏</skillName><skillGroup>4101</skillGroup><level>1</level><icon>120015</icon><type>120000</type><skillType>0</skillType><profession>4</profession><skillDescript>使對方的一個目標完全喪失神志，並在每回合對其造成&lt;魔攻*0.5&gt;點傷害。</skillDescript><weaponRequied>0</weaponRequied><releaseType>1</releaseType><levelRequired>6</levelRequired><itemRequired>20030061</itemRequired><itemCountRequired>1</itemCountRequired><levelUpMoney>0</levelUpMoney><releaseCD>0</releaseCD><distanceType>1</distanceType><rangeType>2</rangeType><attributeType>2</attributeType><targetType>3</targetType><expendPower>70</expendPower><expendHp>0</expendHp><effect>4102011</effect><releaseEffect>9000</releaseEffect><bearEffect>9600</bearEffect><throwEffectId>-1</throwEffectId><aoeEffectId>0</aoeEffectId></row>
<row><skillId>410202</skillId><skillName>精神桎梏</skillName><skillGroup>4101</skillGroup><level>2</level><icon>120015</icon><type>120000</type><skillType>0</skillType><profession>4</profession><skillDescript>使對方的一個目標完全喪失神志，並在每回合對其造成&lt;魔攻*0.7&gt;點傷害。</skillDescript><weaponRequied>0</weaponRequied><releaseType>1</releaseType><levelRequired>11</levelRequired><itemRequired>20030063</itemRequired><itemCountRequired>1</itemCountRequired><levelUpMoney>0</levelUpMoney><releaseCD>0</releaseCD><distanceType>1</distanceType><rangeType>2</rangeType><attributeType>2</attributeType><targetType>3</targetType><expendPower>70</expendPower><expendHp>0</expendHp><effect>4102021</effect><releaseEffect>9000</releaseEffect><bearEffect>9600</bearEffect><throwEffectId>-1</throwEffectId><aoeEffectId>0</aoeEffectId></row>
<row><skillId>410203</skillId><skillName>精神桎梏</skillName><skillGroup>4101</skillGroup><level>3</level><icon>120015</icon><type>120000</type><skillType>0</skillType><profession>4</profession><skillDescript>使對方的一個目標完全喪失神志，並在每回合對其造成&lt;魔攻*1.0&gt;點傷害。</skillDescript><weaponRequied>0</weaponRequied><releaseType>1</releaseType><levelRequired>20</levelRequired><itemRequired>20030065</itemRequired><itemCountRequired>1</itemCountRequired><levelUpMoney>0</levelUpMoney><releaseCD>0</releaseCD><distanceType>1</distanceType><rangeType>2</rangeType><attributeType>2</attributeType><targetType>3</targetType><expendPower>70</expendPower><expendHp>0</expendHp><effect>4102031</effect><releaseEffect>9000</releaseEffect><bearEffect>9600</bearEffect><throwEffectId>-1</throwEffectId><aoeEffectId>0</aoeEffectId></row>
<row><skillId>410301</skillId><skillName>能量虹吸</skillName><skillGroup>4102</skillGroup><level>1</level><icon>120016</icon><type>120000</type><skillType>0</skillType><profession>4</profession><skillDescript>從一個目標身上吸掉&lt;玩家等級&gt;點能量值，分配給每一個隊友。同時對目標造成&lt;魔攻*0.5&gt;點傷害。</skillDescript><weaponRequied>0</weaponRequied><releaseType>1</releaseType><levelRequired>6</levelRequired><itemRequired>20030061</itemRequired><itemCountRequired>1</itemCountRequired><levelUpMoney>0</levelUpMoney><releaseCD>0</releaseCD><distanceType>1</distanceType><rangeType>1</rangeType><attributeType>2</attributeType><targetType>3</targetType><expendPower>70</expendPower><expendHp>0</expendHp><effect>4103011</effect><releaseEffect>9001</releaseEffect><bearEffect>9601</bearEffect><throwEffectId>-1</throwEffectId><aoeEffectId>0</aoeEffectId></row>
<row><skillId>410302</skillId><skillName>能量虹吸</skillName><skillGroup>4102</skillGroup><level>2</level><icon>120016</icon><type>120000</type><skillType>0</skillType><profession>4</profession><skillDescript>從兩個目標身上吸掉&lt;玩家等級*1.3&gt;點能量值，分配給每一個隊友。同時對目標造成&lt;魔攻*0.7&gt;點傷害。</skillDescript><weaponRequied>0</weaponRequied><releaseType>1</releaseType><levelRequired>11</levelRequired><itemRequired>20030063</itemRequired><itemCountRequired>1</itemCountRequired><levelUpMoney>0</levelUpMoney><releaseCD>0</releaseCD><distanceType>1</distanceType><rangeType>12</rangeType><attributeType>2</attributeType><targetType>3</targetType><expendPower>70</expendPower><expendHp>0</expendHp><effect>4103021</effect><releaseEffect>9001</releaseEffect><bearEffect>9601</bearEffect><throwEffectId>-1</throwEffectId><aoeEffectId>0</aoeEffectId></row>
<row><skillId>410303</skillId><skillName>能量虹吸</skillName><skillGroup>4102</skillGroup><level>3</level><icon>120016</icon><type>120000</type><skillType>0</skillType><profession>4</profession><skillDescript>從三個目標身上吸掉&lt;玩家等級*1.5&gt;點能量值，分配給每一個隊友。同時對目標造成&lt;魔攻*0.9&gt;點傷害。</skillDescript><weaponRequied>0</weaponRequied><releaseType>1</releaseType><levelRequired>20</levelRequired><itemRequired>20030065</itemRequired><itemCountRequired>1</itemCountRequired><levelUpMoney>0</levelUpMoney><releaseCD>0</releaseCD><distanceType>1</distanceType><rangeType>13</rangeType><attributeType>2</attributeType><targetType>3</targetType><expendPower>70</expendPower><expendHp>0</expendHp><effect>4103031</effect><releaseEffect>9001</releaseEffect><bearEffect>9601</bearEffect><throwEffectId>-1</throwEffectId><aoeEffectId>0</aoeEffectId></row>
<row><skillId>410401</skillId><skillName>聖恩賜福</skillName><skillGroup>4105</skillGroup><level>1</level><icon>120019</icon><type>120000</type><skillType>0</skillType><profession>4</profession><skillDescript>隨機移除己方所有成員身上一個DeBuff或Dot，並為其添加一個三回合持續效果，使其受到的傷害降低7%，且每回合額外恢復&lt;魔攻*0.01&gt;點能量值。</skillDescript><weaponRequied>0</weaponRequied><releaseType>1</releaseType><levelRequired>6</levelRequired><itemRequired>20030061</itemRequired><itemCountRequired>1</itemCountRequired><levelUpMoney>0</levelUpMoney><releaseCD>0</releaseCD><distanceType>1</distanceType><rangeType>2</rangeType><attributeType>2</attributeType><targetType>2</targetType><expendPower>70</expendPower><expendHp>0</expendHp><effect>4104011</effect><releaseEffect>9004</releaseEffect><bearEffect>9604</bearEffect><throwEffectId>-1</throwEffectId><aoeEffectId>0</aoeEffectId></row>
<row><skillId>410402</skillId><skillName>聖恩賜福</skillName><skillGroup>4105</skillGroup><level>2</level><icon>120019</icon><type>120000</type><skillType>0</skillType><profession>4</profession><skillDescript>隨機移除己方所有成員身上兩個DeBuff或Dot，並為其添加一個三回合持續效果，使其受到的傷害降低10%，且每回合額外恢復&lt;魔攻*0.018&gt;點能量值。</skillDescript><weaponRequied>0</weaponRequied><releaseType>1</releaseType><levelRequired>11</levelRequired><itemRequired>20030063</itemRequired><itemCountRequired>1</itemCountRequired><levelUpMoney>0</levelUpMoney><releaseCD>0</releaseCD><distanceType>1</distanceType><rangeType>2</rangeType><attributeType>2</attributeType><targetType>2</targetType><expendPower>70</expendPower><expendHp>0</expendHp><effect>4104021</effect><releaseEffect>9004</releaseEffect><bearEffect>9604</bearEffect><throwEffectId>-1</throwEffectId><aoeEffectId>0</aoeEffectId></row>
<row><skillId>410403</skillId><skillName>聖恩賜福</skillName><skillGroup>4105</skillGroup><level>3</level><icon>120019</icon><type>120000</type><skillType>0</skillType><profession>4</profession><skillDescript>隨機移除己方所有成員身上三個DeBuff或Dot，並為其添加一個三回合持續效果，使其受到的傷害降低15%，且每回合額外恢復&lt;魔攻*0.027&gt;點能量值。</skillDescript><weaponRequied>0</weaponRequied><releaseType>1</releaseType><levelRequired>20</levelRequired><itemRequired>20030065</itemRequired><itemCountRequired>1</itemCountRequired><levelUpMoney>0</levelUpMoney><releaseCD>0</releaseCD><distanceType>1</distanceType><rangeType>2</rangeType><attributeType>2</attributeType><targetType>2</targetType><expendPower>70</expendPower><expendHp>0</expendHp><effect>4104031</effect><releaseEffect>9004</releaseEffect><bearEffect>9604</bearEffect><throwEffectId>-1</throwEffectId><aoeEffectId>0</aoeEffectId></row>
<row><skillId>410501</skillId><skillName>安魂術</skillName><skillGroup>4103</skillGroup><level>1</level><icon>120017</icon><type>120000</type><skillType>0</skillType><profession>4</profession><skillDescript>使對方的一個目標進入昏睡狀態，當目標驚醒時立即受到&lt;魔攻*0.6&gt;點傷害</skillDescript><weaponRequied>0</weaponRequied><releaseType>1</releaseType><levelRequired>6</levelRequired><itemRequired>20030061</itemRequired><itemCountRequired>1</itemCountRequired><levelUpMoney>0</levelUpMoney><releaseCD>0</releaseCD><distanceType>1</distanceType><rangeType>11</rangeType><attributeType>2</attributeType><targetType>3</targetType><expendPower>70</expendPower><expendHp>0</expendHp><effect>4105011</effect><releaseEffect>9002</releaseEffect><bearEffect>9602</bearEffect><throwEffectId>-1</throwEffectId><aoeEffectId>0</aoeEffectId></row>
<row><skillId>410502</skillId><skillName>安魂術</skillName><skillGroup>4103</skillGroup><level>2</level><icon>120017</icon><type>120000</type><skillType>0</skillType><profession>4</profession><skillDescript>使對方的兩個目標進入昏睡狀態，當目標驚醒時立即受到&lt;魔攻*0.9&gt;點傷害</skillDescript><weaponRequied>0</weaponRequied><releaseType>1</releaseType><levelRequired>11</levelRequired><itemRequired>20030063</itemRequired><itemCountRequired>1</itemCountRequired><levelUpMoney>0</levelUpMoney><releaseCD>0</releaseCD><distanceType>1</distanceType><rangeType>12</rangeType><attributeType>2</attributeType><targetType>3</targetType><expendPower>70</expendPower><expendHp>0</expendHp><effect>4105021</effect><releaseEffect>9002</releaseEffect><bearEffect>9602</bearEffect><throwEffectId>-1</throwEffectId><aoeEffectId>0</aoeEffectId></row>
<row><skillId>410503</skillId><skillName>安魂術</skillName><skillGroup>4103</skillGroup><level>3</level><icon>120017</icon><type>120000</type><skillType>0</skillType><profession>4</profession><skillDescript>使對方的三個目標進入昏睡狀態，當目標驚醒時立即受到&lt;魔攻*1.2&gt;點傷害</skillDescript><weaponRequied>0</weaponRequied><releaseType>1</releaseType><levelRequired>20</levelRequired><itemRequired>20030065</itemRequired><itemCountRequired>1</itemCountRequired><levelUpMoney>0</levelUpMoney><releaseCD>0</releaseCD><distanceType>1</distanceType><rangeType>13</rangeType><attributeType>2</attributeType><targetType>3</targetType><expendPower>70</expendPower><expendHp>0</expendHp><effect>4105031</effect><releaseEffect>9002</releaseEffect><bearEffect>9602</bearEffect><throwEffectId>-1</throwEffectId><aoeEffectId>0</aoeEffectId></row>
<row><skillId>610101</skillId><skillName>怪物物攻</skillName><skillGroup>6101</skillGroup><level>1</level><icon>0</icon><type>0</type><skillType>0</skillType><profession>6</profession><skillDescript></skillDescript><weaponRequied>0</weaponRequied><releaseType>1</releaseType><levelRequired>0</levelRequired><itemRequired>20030061</itemRequired><itemCountRequired>1</itemCountRequired><levelUpMoney>0</levelUpMoney><releaseCD>0</releaseCD><distanceType>2</distanceType><rangeType>1</rangeType><attributeType>1</attributeType><targetType>3</targetType><expendPower>0</expendPower><expendHp>0</expendHp><effect>6101011</effect><releaseEffect>0</releaseEffect><bearEffect>0</bearEffect><throwEffectId>0</throwEffectId><aoeEffectId>0</aoeEffectId></row>
<row><skillId>610201</skillId><skillName>怪物魔攻</skillName><skillGroup>6102</skillGroup><level>1</level><icon>0</icon><type>0</type><skillType>0</skillType><profession>6</profession><skillDescript></skillDescript><weaponRequied>0</weaponRequied><releaseType>1</releaseType><levelRequired>0</levelRequired><itemRequired>20030061</itemRequired><itemCountRequired>1</itemCountRequired><levelUpMoney>0</levelUpMoney><releaseCD>0</releaseCD><distanceType>1</distanceType><rangeType>1</rangeType><attributeType>2</attributeType><targetType>3</targetType><expendPower>0</expendPower><expendHp>0</expendHp><effect>6102011</effect><releaseEffect>0</releaseEffect><bearEffect>0</bearEffect><throwEffectId>0</throwEffectId><aoeEffectId>0</aoeEffectId></row>
<row><skillId>610301</skillId><skillName>破風</skillName><skillGroup>6103</skillGroup><level>1</level><icon>0</icon><type>0</type><skillType>0</skillType><profession>6</profession><skillDescript></skillDescript><weaponRequied>0</weaponRequied><releaseType>1</releaseType><levelRequired>0</levelRequired><itemRequired>20030061</itemRequired><itemCountRequired>1</itemCountRequired><levelUpMoney>0</levelUpMoney><releaseCD>0</releaseCD><distanceType>2</distanceType><rangeType>1</rangeType><attributeType>1</attributeType><targetType>3</targetType><expendPower>0</expendPower><expendHp>0</expendHp><effect>6103011</effect><releaseEffect>0</releaseEffect><bearEffect>0</bearEffect><throwEffectId>0</throwEffectId><aoeEffectId>0</aoeEffectId></row>
<row><skillId>610401</skillId><skillName>鎖定</skillName><skillGroup>6104</skillGroup><level>1</level><icon>0</icon><type>0</type><skillType>0</skillType><profession>6</profession><skillDescript></skillDescript><weaponRequied>0</weaponRequied><releaseType>1</releaseType><levelRequired>0</levelRequired><itemRequired>20030061</itemRequired><itemCountRequired>1</itemCountRequired><levelUpMoney>0</levelUpMoney><releaseCD>0</releaseCD><distanceType>2</distanceType><rangeType>1</rangeType><attributeType>1</attributeType><targetType>3</targetType><expendPower>0</expendPower><expendHp>0</expendHp><effect>6104011</effect><releaseEffect>0</releaseEffect><bearEffect>0</bearEffect><throwEffectId>0</throwEffectId><aoeEffectId>0</aoeEffectId></row>
<row><skillId>610501</skillId><skillName>怪物遠程</skillName><skillGroup>6105</skillGroup><level>1</level><icon>0</icon><type>0</type><skillType>0</skillType><profession>6</profession><skillDescript></skillDescript><weaponRequied>0</weaponRequied><releaseType>1</releaseType><levelRequired>0</levelRequired><itemRequired>20030061</itemRequired><itemCountRequired>1</itemCountRequired><levelUpMoney>0</levelUpMoney><releaseCD>0</releaseCD><distanceType>1</distanceType><rangeType>1</rangeType><attributeType>1</attributeType><targetType>3</targetType><expendPower>0</expendPower><expendHp>0</expendHp><effect>6101011</effect><releaseEffect>0</releaseEffect><bearEffect>0</bearEffect><throwEffectId>0</throwEffectId><aoeEffectId>0</aoeEffectId></row>
<row><skillId>710101</skillId><skillName>二段射擊</skillName><skillGroup>0</skillGroup><level>1</level><icon>130007</icon><type>120000</type><skillType>0</skillType><profession>6</profession><skillDescript>110%物理防禦力</skillDescript><weaponRequied>0</weaponRequied><releaseType>1</releaseType><levelRequired>1</levelRequired><itemRequired>20030061</itemRequired><itemCountRequired>1</itemCountRequired><levelUpMoney>0</levelUpMoney><releaseCD>0</releaseCD><distanceType>1</distanceType><rangeType>1</rangeType><attributeType>1</attributeType><targetType>3</targetType><expendPower>70</expendPower><expendHp>0</expendHp><effect>710101</effect><releaseEffect>10001</releaseEffect><bearEffect>10601</bearEffect><throwEffectId>10301</throwEffectId><aoeEffectId>0</aoeEffectId></row>
<row><skillId>710102</skillId><skillName>貫穿一擊</skillName><skillGroup>0</skillGroup><level>1</level><icon>130008</icon><type>120000</type><skillType>0</skillType><profession>6</profession><skillDescript>130%物理防禦力</skillDescript><weaponRequied>0</weaponRequied><releaseType>1</releaseType><levelRequired>31</levelRequired><itemRequired>20030061</itemRequired><itemCountRequired>1</itemCountRequired><levelUpMoney>0</levelUpMoney><releaseCD>0</releaseCD><distanceType>1</distanceType><rangeType>1</rangeType><attributeType>1</attributeType><targetType>3</targetType><expendPower>70</expendPower><expendHp>0</expendHp><effect>710102</effect><releaseEffect>10002</releaseEffect><bearEffect>10602</bearEffect><throwEffectId>10302</throwEffectId><aoeEffectId>0</aoeEffectId></row>
<row><skillId>710103</skillId><skillName>星光箭雨</skillName><skillGroup>0</skillGroup><level>1</level><icon>130009</icon><type>120000</type><skillType>0</skillType><profession>6</profession><skillDescript>105%物理防禦力</skillDescript><weaponRequied>0</weaponRequied><releaseType>1</releaseType><levelRequired>61</levelRequired><itemRequired>20030061</itemRequired><itemCountRequired>1</itemCountRequired><levelUpMoney>0</levelUpMoney><releaseCD>0</releaseCD><distanceType>1</distanceType><rangeType>2</rangeType><attributeType>1</attributeType><targetType>3</targetType><expendPower>70</expendPower><expendHp>0</expendHp><effect>710103</effect><releaseEffect>10003</releaseEffect><bearEffect>10603</bearEffect><throwEffectId>0</throwEffectId><aoeEffectId>0</aoeEffectId></row>
<row><skillId>710104</skillId><skillName>二段射擊</skillName><skillGroup>0</skillGroup><level>1</level><icon>130007</icon><type>120000</type><skillType>0</skillType><profession>6</profession><skillDescript>110%物理防禦力</skillDescript><weaponRequied>0</weaponRequied><releaseType>1</releaseType><levelRequired>1</levelRequired><itemRequired>20030061</itemRequired><itemCountRequired>1</itemCountRequired><levelUpMoney>0</levelUpMoney><releaseCD>0</releaseCD><distanceType>1</distanceType><rangeType>1</rangeType><attributeType>1</attributeType><targetType>3</targetType><expendPower>70</expendPower><expendHp>0</expendHp><effect>710104</effect><releaseEffect>10001</releaseEffect><bearEffect>10601</bearEffect><throwEffectId>10301</throwEffectId><aoeEffectId>0</aoeEffectId></row>
<row><skillId>710105</skillId><skillName>貫穿一擊</skillName><skillGroup>0</skillGroup><level>1</level><icon>130008</icon><type>120000</type><skillType>0</skillType><profession>6</profession><skillDescript>130%物理防禦力</skillDescript><weaponRequied>0</weaponRequied><releaseType>1</releaseType><levelRequired>31</levelRequired><itemRequired>20030061</itemRequired><itemCountRequired>1</itemCountRequired><levelUpMoney>0</levelUpMoney><releaseCD>0</releaseCD><distanceType>1</distanceType><rangeType>1</rangeType><attributeType>1</attributeType><targetType>3</targetType><expendPower>70</expendPower><expendHp>0</expendHp><effect>710105</effect><releaseEffect>10002</releaseEffect><bearEffect>10602</bearEffect><throwEffectId>10302</throwEffectId><aoeEffectId>0</aoeEffectId></row>
<row><skillId>710106</skillId><skillName>星光箭雨</skillName><skillGroup>0</skillGroup><level>1</level><icon>130009</icon><type>120000</type><skillType>0</skillType><profession>6</profession><skillDescript>105%物理防禦力</skillDescript><weaponRequied>0</weaponRequied><releaseType>1</releaseType><levelRequired>61</levelRequired><itemRequired>20030061</itemRequired><itemCountRequired>1</itemCountRequired><levelUpMoney>0</levelUpMoney><releaseCD>0</releaseCD><distanceType>1</distanceType><rangeType>2</rangeType><attributeType>1</attributeType><targetType>3</targetType><expendPower>70</expendPower><expendHp>0</expendHp><effect>710106</effect><releaseEffect>10003</releaseEffect><bearEffect>10603</bearEffect><throwEffectId>0</throwEffectId><aoeEffectId>0</aoeEffectId></row>
<row><skillId>710201</skillId><skillName>灼燒之痛</skillName><skillGroup>0</skillGroup><level>1</level><icon>130004</icon><type>120000</type><skillType>0</skillType><profession>6</profession><skillDescript>110%魔法攻擊力</skillDescript><weaponRequied>0</weaponRequied><releaseType>1</releaseType><levelRequired>1</levelRequired><itemRequired>20030061</itemRequired><itemCountRequired>1</itemCountRequired><levelUpMoney>0</levelUpMoney><releaseCD>0</releaseCD><distanceType>1</distanceType><rangeType>1</rangeType><attributeType>2</attributeType><targetType>3</targetType><expendPower>70</expendPower><expendHp>0</expendHp><effect>710201</effect><releaseEffect>10004</releaseEffect><bearEffect>10604</bearEffect><throwEffectId>0</throwEffectId><aoeEffectId>0</aoeEffectId></row>
<row><skillId>710202</skillId><skillName>群星隕落</skillName><skillGroup>0</skillGroup><level>1</level><icon>130005</icon><type>120000</type><skillType>0</skillType><profession>6</profession><skillDescript>130%魔法攻擊力</skillDescript><weaponRequied>0</weaponRequied><releaseType>1</releaseType><levelRequired>31</levelRequired><itemRequired>20030061</itemRequired><itemCountRequired>1</itemCountRequired><levelUpMoney>0</levelUpMoney><releaseCD>0</releaseCD><distanceType>1</distanceType><rangeType>1</rangeType><attributeType>2</attributeType><targetType>3</targetType><expendPower>70</expendPower><expendHp>0</expendHp><effect>710202</effect><releaseEffect>10005</releaseEffect><bearEffect>10605</bearEffect><throwEffectId>0</throwEffectId><aoeEffectId>0</aoeEffectId></row>
<row><skillId>710203</skillId><skillName>天雷之罰</skillName><skillGroup>0</skillGroup><level>1</level><icon>130006</icon><type>120000</type><skillType>0</skillType><profession>6</profession><skillDescript>105%魔法攻擊力</skillDescript><weaponRequied>0</weaponRequied><releaseType>1</releaseType><levelRequired>61</levelRequired><itemRequired>20030061</itemRequired><itemCountRequired>1</itemCountRequired><levelUpMoney>0</levelUpMoney><releaseCD>0</releaseCD><distanceType>1</distanceType><rangeType>2</rangeType><attributeType>2</attributeType><targetType>3</targetType><expendPower>70</expendPower><expendHp>0</expendHp><effect>710203</effect><releaseEffect>10006</releaseEffect><bearEffect>10606</bearEffect><throwEffectId>0</throwEffectId><aoeEffectId>0</aoeEffectId></row>
<row><skillId>710301</skillId><skillName>橫掃千軍</skillName><skillGroup>0</skillGroup><level>1</level><icon>130001</icon><type>120000</type><skillType>0</skillType><profession>6</profession><skillDescript>110%物理攻擊力</skillDescript><weaponRequied>0</weaponRequied><releaseType>1</releaseType><levelRequired>1</levelRequired><itemRequired>20030061</itemRequired><itemCountRequired>1</itemCountRequired><levelUpMoney>0</levelUpMoney><releaseCD>0</releaseCD><distanceType>2</distanceType><rangeType>1</rangeType><attributeType>1</attributeType><targetType>3</targetType><expendPower>70</expendPower><expendHp>0</expendHp><effect>710301</effect><releaseEffect>0</releaseEffect><bearEffect>10607</bearEffect><throwEffectId>0</throwEffectId><aoeEffectId>0</aoeEffectId></row>
<row><skillId>710302</skillId><skillName>勢不可擋</skillName><skillGroup>0</skillGroup><level>1</level><icon>130002</icon><type>120000</type><skillType>0</skillType><profession>6</profession><skillDescript>130%物理攻擊力</skillDescript><weaponRequied>0</weaponRequied><releaseType>1</releaseType><levelRequired>31</levelRequired><itemRequired>20030061</itemRequired><itemCountRequired>1</itemCountRequired><levelUpMoney>0</levelUpMoney><releaseCD>0</releaseCD><distanceType>2</distanceType><rangeType>1</rangeType><attributeType>1</attributeType><targetType>3</targetType><expendPower>70</expendPower><expendHp>0</expendHp><effect>710302</effect><releaseEffect>0</releaseEffect><bearEffect>10608</bearEffect><throwEffectId>0</throwEffectId><aoeEffectId>0</aoeEffectId></row>
<row><skillId>710303</skillId><skillName>震盪衝擊</skillName><skillGroup>0</skillGroup><level>1</level><icon>130003</icon><type>120000</type><skillType>0</skillType><profession>6</profession><skillDescript>105%物理攻擊力</skillDescript><weaponRequied>0</weaponRequied><releaseType>1</releaseType><levelRequired>61</levelRequired><itemRequired>20030061</itemRequired><itemCountRequired>1</itemCountRequired><levelUpMoney>0</levelUpMoney><releaseCD>0</releaseCD><distanceType>1</distanceType><rangeType>2</rangeType><attributeType>1</attributeType><targetType>3</targetType><expendPower>70</expendPower><expendHp>0</expendHp><effect>710303</effect><releaseEffect>0</releaseEffect><bearEffect>10609</bearEffect><throwEffectId>10309</throwEffectId><aoeEffectId>0</aoeEffectId></row>
<row><skillId>810101</skillId><skillName>封印Lv1</skillName><skillGroup>8108</skillGroup><level>1</level><icon>120020</icon><type>120000</type><skillType>0</skillType><profession>6</profession><skillDescript>捕捉寵物的技能，30%幾率捕獲普通怪物，10%幾率捕獲極品怪物，對Boss無效。每次使用該技能消耗1顆1級封印石。最多允許1只寵物出戰，等級不得超過自身的5級。</skillDescript><weaponRequied>0</weaponRequied><releaseType>1</releaseType><levelRequired>9</levelRequired><itemRequired>20030061</itemRequired><itemCountRequired>1</itemCountRequired><levelUpMoney>0</levelUpMoney><releaseCD>2</releaseCD><distanceType>1</distanceType><rangeType>1</rangeType><attributeType>2</attributeType><targetType>3</targetType><expendPower>0</expendPower><expendHp>0</expendHp><effect>8101011</effect><releaseEffect>10000</releaseEffect><bearEffect>16000</bearEffect><throwEffectId>0</throwEffectId><aoeEffectId>0</aoeEffectId></row>
<row><skillId>810102</skillId><skillName>封印Lv2</skillName><skillGroup>8108</skillGroup><level>2</level><icon>120020</icon><type>120000</type><skillType>0</skillType><profession>6</profession><skillDescript>捕捉寵物的技能，40%幾率捕獲普通怪物，15%幾率捕獲極品怪物，對Boss無效。每次使用該技能消耗1顆2級封印石。最多允許2只寵物出戰，等級不得超過自身的20級</skillDescript><weaponRequied>0</weaponRequied><releaseType>1</releaseType><levelRequired>21</levelRequired><itemRequired>20030063</itemRequired><itemCountRequired>1</itemCountRequired><levelUpMoney>0</levelUpMoney><releaseCD>2</releaseCD><distanceType>1</distanceType><rangeType>1</rangeType><attributeType>2</attributeType><targetType>3</targetType><expendPower>0</expendPower><expendHp>0</expendHp><effect>8101021</effect><releaseEffect>10000</releaseEffect><bearEffect>16000</bearEffect><throwEffectId>0</throwEffectId><aoeEffectId>0</aoeEffectId></row>
<row><skillId>810103</skillId><skillName>封印Lv3</skillName><skillGroup>8108</skillGroup><level>3</level><icon>120020</icon><type>120000</type><skillType>0</skillType><profession>6</profession><skillDescript>捕捉寵物的技能，60%幾率捕獲普通怪物，30%幾率捕獲極品怪物，對Boss無效。每次使用該技能消耗1顆3級封印石。最多允許4只寵物出戰，等級不得超過自身的50級</skillDescript><weaponRequied>0</weaponRequied><releaseType>1</releaseType><levelRequired>31</levelRequired><itemRequired>20030065</itemRequired><itemCountRequired>1</itemCountRequired><levelUpMoney>0</levelUpMoney><releaseCD>2</releaseCD><distanceType>1</distanceType><rangeType>1</rangeType><attributeType>2</attributeType><targetType>3</targetType><expendPower>0</expendPower><expendHp>0</expendHp><effect>8101031</effect><releaseEffect>10000</releaseEffect><bearEffect>16000</bearEffect><throwEffectId>0</throwEffectId><aoeEffectId>0</aoeEffectId></row>
<row><skillId>910101</skillId><skillName>戰士攻擊</skillName><skillGroup>9101</skillGroup><level>1</level><icon>0</icon><type>0</type><skillType>0</skillType><profession>9</profession><skillDescript></skillDescript><weaponRequied>0</weaponRequied><releaseType>1</releaseType><levelRequired>0</levelRequired><itemRequired>20030061</itemRequired><itemCountRequired>1</itemCountRequired><levelUpMoney>0</levelUpMoney><releaseCD>0</releaseCD><distanceType>2</distanceType><rangeType>1</rangeType><attributeType>1</attributeType><targetType>3</targetType><expendPower>0</expendPower><expendHp>0</expendHp><effect>9101011</effect><releaseEffect>0</releaseEffect><bearEffect>0</bearEffect><throwEffectId>0</throwEffectId><aoeEffectId>0</aoeEffectId></row>
<row><skillId>910201</skillId><skillName>法師攻擊</skillName><skillGroup>9102</skillGroup><level>1</level><icon>0</icon><type>0</type><skillType>0</skillType><profession>9</profession><skillDescript></skillDescript><weaponRequied>0</weaponRequied><releaseType>1</releaseType><levelRequired>0</levelRequired><itemRequired>20030061</itemRequired><itemCountRequired>1</itemCountRequired><levelUpMoney>0</levelUpMoney><releaseCD>0</releaseCD><distanceType>1</distanceType><rangeType>1</rangeType><attributeType>2</attributeType><targetType>3</targetType><expendPower>0</expendPower><expendHp>0</expendHp><effect>9101021</effect><releaseEffect>62000</releaseEffect><bearEffect>62600</bearEffect><throwEffectId>62300</throwEffectId><aoeEffectId>0</aoeEffectId></row>
<row><skillId>910301</skillId><skillName>遊俠攻擊</skillName><skillGroup>9103</skillGroup><level>1</level><icon>0</icon><type>0</type><skillType>0</skillType><profession>9</profession><skillDescript></skillDescript><weaponRequied>0</weaponRequied><releaseType>1</releaseType><levelRequired>0</levelRequired><itemRequired>20030061</itemRequired><itemCountRequired>1</itemCountRequired><levelUpMoney>0</levelUpMoney><releaseCD>0</releaseCD><distanceType>1</distanceType><rangeType>1</rangeType><attributeType>1</attributeType><targetType>3</targetType><expendPower>0</expendPower><expendHp>0</expendHp><effect>9101031</effect><releaseEffect>0</releaseEffect><bearEffect>0</bearEffect><throwEffectId>0</throwEffectId><aoeEffectId>0</aoeEffectId></row>
<row><skillId>910401</skillId><skillName>牧師攻擊</skillName><skillGroup>9104</skillGroup><level>1</level><icon>0</icon><type>0</type><skillType>0</skillType><profession>9</profession><skillDescript></skillDescript><weaponRequied>0</weaponRequied><releaseType>1</releaseType><levelRequired>0</levelRequired><itemRequired>20030061</itemRequired><itemCountRequired>1</itemCountRequired><levelUpMoney>0</levelUpMoney><releaseCD>0</releaseCD><distanceType>2</distanceType><rangeType>1</rangeType><attributeType>2</attributeType><targetType>3</targetType><expendPower>0</expendPower><expendHp>0</expendHp><effect>9101041</effect><releaseEffect>0</releaseEffect><bearEffect>0</bearEffect><throwEffectId>0</throwEffectId><aoeEffectId>0</aoeEffectId></row>
<row><skillId>1500041</skillId><skillName>魔化樹妖</skillName><skillGroup>6101</skillGroup><level>1</level><icon>0</icon><type>0</type><skillType>0</skillType><profession>6</profession><skillDescript></skillDescript><weaponRequied>0</weaponRequied><releaseType>1</releaseType><levelRequired>0</levelRequired><itemRequired>20030061</itemRequired><itemCountRequired>1</itemCountRequired><levelUpMoney>0</levelUpMoney><releaseCD>0</releaseCD><distanceType>2</distanceType><rangeType>1</rangeType><attributeType>1</attributeType><targetType>3</targetType><expendPower>0</expendPower><expendHp>0</expendHp><effect>1500041</effect><releaseEffect>0</releaseEffect><bearEffect>0</bearEffect><throwEffectId>0</throwEffectId><aoeEffectId>0</aoeEffectId></row>
<row><skillId>1500101</skillId><skillName>魔化戰熊</skillName><skillGroup>6101</skillGroup><level>1</level><icon>0</icon><type>0</type><skillType>0</skillType><profession>6</profession><skillDescript></skillDescript><weaponRequied>0</weaponRequied><releaseType>1</releaseType><levelRequired>0</levelRequired><itemRequired>20030061</itemRequired><itemCountRequired>1</itemCountRequired><levelUpMoney>0</levelUpMoney><releaseCD>0</releaseCD><distanceType>2</distanceType><rangeType>1</rangeType><attributeType>1</attributeType><targetType>3</targetType><expendPower>0</expendPower><expendHp>0</expendHp><effect>1500101</effect><releaseEffect>0</releaseEffect><bearEffect>0</bearEffect><throwEffectId>0</throwEffectId><aoeEffectId>0</aoeEffectId></row>
</data>