{"100006": {"weaponRequied": 0, "skillName": "\u5077\u88ad", "rangeType": 6, "releaseType": 1, "levelUpMoney": 0, "attributeType": 1, "releaseEffect": 61, "skillId": 100006, "throwEffectId": 50, "distanceType": 1, "releaseCD": 0, "expendPower": 30, "itemRequired": 0, "levelRequired": 0, "profession": 6, "bearEffect": 6, "effect": 100006, "expendHp": 0, "skillGroup": 0, "icon": 22, "targetType": 2, "itemCountRequired": 0, "skillDescript": "\u3010\u540e\u5355\u3011\u9020\u6210150%\u4f24\u5bb3", "level": 1, "type": 0, "skillType": 0, "aoeEffectId": 0}, "100007": {"weaponRequied": 0, "skillName": "\u95ea\u7535\u672f", "rangeType": 1, "releaseType": 1, "levelUpMoney": 0, "attributeType": 1, "releaseEffect": 61, "skillId": 100007, "throwEffectId": 51, "distanceType": 1, "releaseCD": 0, "expendPower": 55, "itemRequired": 0, "levelRequired": 0, "profession": 6, "bearEffect": 7, "effect": 100007, "expendHp": 0, "skillGroup": 0, "icon": 22, "targetType": 2, "itemCountRequired": 0, "skillDescript": "\u3010\u5355\u4f53\u3011\u9020\u6210250%\u4f24\u5bb3", "level": 1, "type": 0, "skillType": 0, "aoeEffectId": 0}, "100008": {"weaponRequied": 0, "skillName": "\u7834\u7532", "rangeType": 1, "releaseType": 1, "levelUpMoney": 0, "attributeType": 1, "releaseEffect": 61, "skillId": 100008, "throwEffectId": 52, "distanceType": 1, "releaseCD": 0, "expendPower": 60, "itemRequired": 0, "levelRequired": 0, "profession": 6, "bearEffect": 8, "effect": 100008, "expendHp": 0, "skillGroup": 0, "icon": 22, "targetType": 2, "itemCountRequired": 0, "skillDescript": "\u3010\u5355\u4f53\u3011\u9632\u5fa1\u529b\u4e0b\u964d100%", "level": 1, "type": 0, "skillType": 0, "aoeEffectId": 0}, "100011": {"weaponRequied": 0, "skillName": "\u7a7f\u523a", "rangeType": 3, "releaseType": 1, "levelUpMoney": 0, "attributeType": 1, "releaseEffect": 61, "skillId": 100011, "throwEffectId": 53, "distanceType": 1, "releaseCD": 0, "expendPower": 50, "itemRequired": 0, "levelRequired": 0, "profession": 1, "bearEffect": 11, "effect": 100011, "expendHp": 0, "skillGroup": 1103, "icon": 22, "targetType": 2, "itemCountRequired": 0, "skillDescript": "\u3010\u7ad6\u6392\u3011\u9020\u6210100%\u4f24\u5bb3", "level": 1, "type": 120000, "skillType": 0, "aoeEffectId": 0}, "100015": {"weaponRequied": 0, "skillName": "\u9b3c\u795e\u4e4b\u529b", "rangeType": 3, "releaseType": 1, "levelUpMoney": 0, "attributeType": 1, "releaseEffect": 61, "skillId": 100015, "throwEffectId": 57, "distanceType": 2, "releaseCD": 0, "expendPower": 10, "itemRequired": 0, "levelRequired": 0, "profession": 1, "bearEffect": 15, "effect": 100015, "expendHp": 0, "skillGroup": 1101, "icon": 22, "targetType": 2, "itemCountRequired": 0, "skillDescript": "\u3010\u7ad6\u6392\u3011\u9020\u6210110%\u4f24\u5bb3", "level": 1, "type": 120000, "skillType": 0, "aoeEffectId": 0}, "100016": {"weaponRequied": 0, "skillName": "\u4e71\u5200\u65a9", "rangeType": 3, "releaseType": 1, "levelUpMoney": 0, "attributeType": 1, "releaseEffect": 61, "skillId": 100016, "throwEffectId": 0, "distanceType": 1, "releaseCD": 0, "expendPower": 50, "itemRequired": 0, "levelRequired": 0, "profession": 1, "bearEffect": 16, "effect": 100016, "expendHp": 0, "skillGroup": 1102, "icon": 22, "targetType": 2, "itemCountRequired": 0, "skillDescript": "\u3010\u5355\u4f53\u3011\u6bcf\u56de\u5408\u9020\u6210150%\u4f24\u5bb3\uff0c2\u56de\u5408", "level": 1, "type": 120000, "skillType": 0, "aoeEffectId": 0}, "100017": {"weaponRequied": 0, "skillName": "\u865a\u5f31", "rangeType": 4, "releaseType": 1, "levelUpMoney": 0, "attributeType": 1, "releaseEffect": 61, "skillId": 100017, "throwEffectId": 58, "distanceType": 1, "releaseCD": 0, "expendPower": 70, "itemRequired": 0, "levelRequired": 0, "profession": 1, "bearEffect": 17, "effect": 100017, "expendHp": 0, "skillGroup": 1102, "icon": 22, "targetType": 2, "itemCountRequired": 0, "skillDescript": "\u3010\u6a2a\u6392\u3011\u9632\u5fa1\u4e0b\u964d50%\uff0c2\u56de\u5408", "level": 1, "type": 120000, "skillType": 0, "aoeEffectId": 0}, "100019": {"weaponRequied": 0, "skillName": "\u6a2a\u626b", "rangeType": 4, "releaseType": 1, "levelUpMoney": 0, "attributeType": 1, "releaseEffect": 61, "skillId": 100019, "throwEffectId": 0, "distanceType": 2, "releaseCD": 3, "expendPower": 60, "itemRequired": 0, "levelRequired": 0, "profession": 1, "bearEffect": 19, "effect": 100019, "expendHp": 0, "skillGroup": 1104, "icon": 22, "targetType": 2, "itemCountRequired": 0, "skillDescript": "\u3010\u6a2a\u6392\u3011\u9020\u6210120%\u4f24\u5bb3", "level": 1, "type": 120000, "skillType": 0, "aoeEffectId": 0}, "100020": {"weaponRequied": 0, "skillName": "\u96f7\u66b4\u672f", "rangeType": 2, "releaseType": 1, "levelUpMoney": 0, "attributeType": 1, "releaseEffect": 61, "skillId": 100020, "throwEffectId": 0, "distanceType": 2, "releaseCD": 3, "expendPower": 80, "itemRequired": 0, "levelRequired": 0, "profession": 1, "bearEffect": 20, "effect": 100020, "expendHp": 0, "skillGroup": 1104, "icon": 22, "targetType": 2, "itemCountRequired": 0, "skillDescript": "\u3010\u7fa4\u4f53\u3011\u9020\u6210140%\u4f24\u5bb3", "level": 1, "type": 120000, "skillType": 0, "aoeEffectId": 0}, "610101": {"weaponRequied": 0, "skillName": "\u602a\u7269\u7269\u653b", "rangeType": 1, "releaseType": 1, "levelUpMoney": 0, "attributeType": 1, "releaseEffect": 0, "skillId": 610101, "throwEffectId": 0, "distanceType": 2, "releaseCD": 0, "expendPower": 0, "itemRequired": 0, "levelRequired": 0, "profession": 6, "bearEffect": 0, "effect": 610101, "expendHp": 0, "skillGroup": 6101, "icon": 0, "targetType": 2, "itemCountRequired": 0, "skillDescript": "", "level": 1, "type": 0, "skillType": 0, "aoeEffectId": 0}, "100022": {"weaponRequied": 0, "skillName": "\u9b45\u60d1\u672f", "rangeType": 2, "releaseType": 1, "levelUpMoney": 0, "attributeType": 1, "releaseEffect": 61, "skillId": 100022, "throwEffectId": 60, "distanceType": 1, "releaseCD": 1, "expendPower": 100, "itemRequired": 0, "levelRequired": 0, "profession": 1, "bearEffect": 22, "effect": 100022, "expendHp": 0, "skillGroup": 1105, "icon": 22, "targetType": 2, "itemCountRequired": 0, "skillDescript": "\u3010\u7fa4\u4f53\u3011\u654c\u65b9\u4e0d\u80fd\u884c\u52a8", "level": 1, "type": 120000, "skillType": 0, "aoeEffectId": 0}, "100024": {"weaponRequied": 0, "skillName": "\u6012\u568e", "rangeType": 2, "releaseType": 1, "levelUpMoney": 0, "attributeType": 1, "releaseEffect": 61, "skillId": 100024, "throwEffectId": 61, "distanceType": 1, "releaseCD": 2, "expendPower": 80, "itemRequired": 0, "levelRequired": 0, "profession": 1, "bearEffect": 24, "effect": 100024, "expendHp": 0, "skillGroup": 1105, "icon": 22, "targetType": 2, "itemCountRequired": 0, "skillDescript": "\u3010\u7fa4\u4f53\u3011\u654c\u65b9\u80fd\u91cf\u964d\u4e3a0", "level": 1, "type": 120000, "skillType": 0, "aoeEffectId": 0}, "100025": {"weaponRequied": 0, "skillName": "\u706b\u5899\u672f", "rangeType": 5, "releaseType": 1, "levelUpMoney": 0, "attributeType": 1, "releaseEffect": 61, "skillId": 100025, "throwEffectId": 0, "distanceType": 1, "releaseCD": 0, "expendPower": 65, "itemRequired": 0, "levelRequired": 0, "profession": 6, "bearEffect": 25, "effect": 100025, "expendHp": 0, "skillGroup": 0, "icon": 22, "targetType": 2, "itemCountRequired": 0, "skillDescript": "\u3010\u540e\u6a2a\u3011\u9020\u6210150%\u4f24\u5bb3", "level": 1, "type": 120000, "skillType": 0, "aoeEffectId": 0}, "100029": {"weaponRequied": 0, "skillName": "\u8150\u8680\u672f", "rangeType": 2, "releaseType": 1, "levelUpMoney": 0, "attributeType": 1, "releaseEffect": 61, "skillId": 100029, "throwEffectId": 65, "distanceType": 2, "releaseCD": 0, "expendPower": 80, "itemRequired": 0, "levelRequired": 0, "profession": 6, "bearEffect": 29, "effect": 100029, "expendHp": 0, "skillGroup": 0, "icon": 22, "targetType": 2, "itemCountRequired": 0, "skillDescript": "\u3010\u7fa4\u4f53\u3011\u9632\u5fa1\u4e0b\u964d30%", "level": 1, "type": 120000, "skillType": 0, "aoeEffectId": 0}, "100030": {"weaponRequied": 0, "skillName": "\u5a01\u6151", "rangeType": 2, "releaseType": 1, "levelUpMoney": 0, "attributeType": 1, "releaseEffect": 61, "skillId": 100030, "throwEffectId": 66, "distanceType": 1, "releaseCD": 0, "expendPower": 80, "itemRequired": 0, "levelRequired": 0, "profession": 6, "bearEffect": 30, "effect": 100030, "expendHp": 0, "skillGroup": 0, "icon": 22, "targetType": 2, "itemCountRequired": 0, "skillDescript": "\u3010\u7fa4\u4f53\u3011\u653b\u51fb\u4e0b\u964d30%", "level": 1, "type": 120000, "skillType": 0, "aoeEffectId": 0}, "100031": {"weaponRequied": 0, "skillName": "\u9668\u77f3\u672f", "rangeType": 2, "releaseType": 1, "levelUpMoney": 0, "attributeType": 1, "releaseEffect": 61, "skillId": 100031, "throwEffectId": 0, "distanceType": 1, "releaseCD": 0, "expendPower": 100, "itemRequired": 0, "levelRequired": 0, "profession": 2, "bearEffect": 31, "effect": 100031, "expendHp": 0, "skillGroup": 2101, "icon": 22, "targetType": 2, "itemCountRequired": 0, "skillDescript": "\u3010\u7fa4\u4f53\u3011\u9020\u6210200%\u4f24\u5bb3", "level": 1, "type": 120000, "skillType": 0, "aoeEffectId": 0}}