<?xml version="1.0" encoding="UTF-8"?>
<root>
    <plists>
        <plist>txtx.plist</plist>
    </plists>
    <animations>
        <animation>
            <name>tx</name>
            <delay>0.1</delay>
            <flipX>false</flipX>
            <flipY>false</flipY>
            <spriteFrame>tx_01.png</spriteFrame>
            <spriteFrame>tx_02.png</spriteFrame>
            <spriteFrame>tx_03.png</spriteFrame>
            <spriteFrame>tx_04.png</spriteFrame>
            <spriteFrame>tx_05.png</spriteFrame>
            <spriteFrame>tx_06.png</spriteFrame>
            <spriteFrame>tx_07.png</spriteFrame>
        </animation>
        <animation>
            <name>tx_tz</name>
            <delay>0.125</delay>
            <flipX>false</flipX>
            <flipY>false</flipY>
            <spriteFrame>tx_01_01.png</spriteFrame>
            <spriteFrame>tx_01_02.png</spriteFrame>
            <spriteFrame>tx_01_03.png</spriteFrame>
        </animation>
    </animations>
</root>
